title,description,link,pubDate,Word,Count
"South Korea 'passed the peak' of outbreak, health minister hopes ","South Korea's top public health official hopes that the country has already gone through the worst of the novel coronavirus outbreak that has infected thousands inside the country.<div class=""feedflare"">
<a href=""http://rss.cnn.com/~ff/rss/cnn_world?a=tTV92yFbEiI:kEqLtRV1j1g:yIl2AUoC8zA""><img src=""http://feeds.feedburner.com/~ff/rss/cnn_world?d=yIl2AUoC8zA"" border=""0""></img></a> <a href=""http://rss.cnn.com/~ff/rss/cnn_world?a=tTV92yFbEiI:kEqLtRV1j1g:7Q72WNTAKBA""><img src=""http://feeds.feedburner.com/~ff/rss/cnn_world?d=7Q72WNTAKBA"" border=""0""></img></a> <a href=""http://rss.cnn.com/~ff/rss/cnn_world?a=tTV92yFbEiI:kEqLtRV1j1g:V_sGLiPBpWU""><img src=""http://feeds.feedburner.com/~ff/rss/cnn_world?i=tTV92yFbEiI:kEqLtRV1j1g:V_sGLiPBpWU"" border=""0""></img></a> <a href=""http://rss.cnn.com/~ff/rss/cnn_world?a=tTV92yFbEiI:kEqLtRV1j1g:qj6IDK7rITs""><img src=""http://feeds.feedburner.com/~ff/rss/cnn_world?d=qj6IDK7rITs"" border=""0""></img></a> <a href=""http://rss.cnn.com/~ff/rss/cnn_world?a=tTV92yFbEiI:kEqLtRV1j1g:gIN9vFwOqvQ""><img src=""http://feeds.feedburner.com/~ff/rss/cnn_world?i=tTV92yFbEiI:kEqLtRV1j1g:gIN9vFwOqvQ"" border=""0""></img></a>
</div><img src=""http://feeds.feedburner.com/~r/rss/cnn_world/~4/tTV92yFbEiI"" height=""1"" width=""1"" alt=""""/>",http://rss.cnn.com/~r/rss/cnn_world/~3/tTV92yFbEiI/index.html,"Mon, 09 Mar 2020 14:46:53 GMT",coronavirus,6
Cases grow in the US and northern Italy goes into lockdown,"The number of cases of the novel coronavirus has risen to more than 108,000 globally, with at least 27,000 cases outside of China, as the economic trauma caused by the outbreak continues to impact global share markets.<div class=""feedflare"">
<a href=""http://rss.cnn.com/~ff/rss/cnn_world?a=HCoM07qxA7E:vZO9uuziOW8:yIl2AUoC8zA""><img src=""http://feeds.feedburner.com/~ff/rss/cnn_world?d=yIl2AUoC8zA"" border=""0""></img></a> <a href=""http://rss.cnn.com/~ff/rss/cnn_world?a=HCoM07qxA7E:vZO9uuziOW8:7Q72WNTAKBA""><img src=""http://feeds.feedburner.com/~ff/rss/cnn_world?d=7Q72WNTAKBA"" border=""0""></img></a> <a href=""http://rss.cnn.com/~ff/rss/cnn_world?a=HCoM07qxA7E:vZO9uuziOW8:V_sGLiPBpWU""><img src=""http://feeds.feedburner.com/~ff/rss/cnn_world?i=HCoM07qxA7E:vZO9uuziOW8:V_sGLiPBpWU"" border=""0""></img></a> <a href=""http://rss.cnn.com/~ff/rss/cnn_world?a=HCoM07qxA7E:vZO9uuziOW8:qj6IDK7rITs""><img src=""http://feeds.feedburner.com/~ff/rss/cnn_world?d=qj6IDK7rITs"" border=""0""></img></a> <a href=""http://rss.cnn.com/~ff/rss/cnn_world?a=HCoM07qxA7E:vZO9uuziOW8:gIN9vFwOqvQ""><img src=""http://feeds.feedburner.com/~ff/rss/cnn_world?i=HCoM07qxA7E:vZO9uuziOW8:gIN9vFwOqvQ"" border=""0""></img></a>
</div><img src=""http://feeds.feedburner.com/~r/rss/cnn_world/~4/HCoM07qxA7E"" height=""1"" width=""1"" alt=""""/>",http://rss.cnn.com/~r/rss/cnn_world/~3/HCoM07qxA7E/index.html,"Mon, 09 Mar 2020 10:41:56 GMT",Korea,6
"N Korea launches 3 projectiles, South says","North Korea fired at least one unidentified projectile Monday, according to South Korea's Joint Chiefs of Staff.<div class=""feedflare"">
<a href=""http://rss.cnn.com/~ff/rss/cnn_world?a=Mk1dnHHtzfQ:lXdem-nowXE:yIl2AUoC8zA""><img src=""http://feeds.feedburner.com/~ff/rss/cnn_world?d=yIl2AUoC8zA"" border=""0""></img></a> <a href=""http://rss.cnn.com/~ff/rss/cnn_world?a=Mk1dnHHtzfQ:lXdem-nowXE:7Q72WNTAKBA""><img src=""http://feeds.feedburner.com/~ff/rss/cnn_world?d=7Q72WNTAKBA"" border=""0""></img></a> <a href=""http://rss.cnn.com/~ff/rss/cnn_world?a=Mk1dnHHtzfQ:lXdem-nowXE:V_sGLiPBpWU""><img src=""http://feeds.feedburner.com/~ff/rss/cnn_world?i=Mk1dnHHtzfQ:lXdem-nowXE:V_sGLiPBpWU"" border=""0""></img></a> <a href=""http://rss.cnn.com/~ff/rss/cnn_world?a=Mk1dnHHtzfQ:lXdem-nowXE:qj6IDK7rITs""><img src=""http://feeds.feedburner.com/~ff/rss/cnn_world?d=qj6IDK7rITs"" border=""0""></img></a> <a href=""http://rss.cnn.com/~ff/rss/cnn_world?a=Mk1dnHHtzfQ:lXdem-nowXE:gIN9vFwOqvQ""><img src=""http://feeds.feedburner.com/~ff/rss/cnn_world?i=Mk1dnHHtzfQ:lXdem-nowXE:gIN9vFwOqvQ"" border=""0""></img></a>
</div><img src=""http://feeds.feedburner.com/~r/rss/cnn_world/~4/Mk1dnHHtzfQ"" height=""1"" width=""1"" alt=""""/>",http://rss.cnn.com/~r/rss/cnn_world/~3/Mk1dnHHtzfQ/index.html,"Mon, 09 Mar 2020 12:46:28 GMT",Fashion,5
The new food capital of the world,"How did Lima became one of the best culinary destinations on Earth? Gaston Acurio, arguably the chef that made it all happen in Peru, sits down over fried squid and a traditional ceviche to chew over this culinary success.<div class=""feedflare"">
<a href=""http://rss.cnn.com/~ff/rss/cnn_world?a=iogzj-Xmesg:lymQB02x064:yIl2AUoC8zA""><img src=""http://feeds.feedburner.com/~ff/rss/cnn_world?d=yIl2AUoC8zA"" border=""0""></img></a> <a href=""http://rss.cnn.com/~ff/rss/cnn_world?a=iogzj-Xmesg:lymQB02x064:7Q72WNTAKBA""><img src=""http://feeds.feedburner.com/~ff/rss/cnn_world?d=7Q72WNTAKBA"" border=""0""></img></a> <a href=""http://rss.cnn.com/~ff/rss/cnn_world?a=iogzj-Xmesg:lymQB02x064:V_sGLiPBpWU""><img src=""http://feeds.feedburner.com/~ff/rss/cnn_world?i=iogzj-Xmesg:lymQB02x064:V_sGLiPBpWU"" border=""0""></img></a> <a href=""http://rss.cnn.com/~ff/rss/cnn_world?a=iogzj-Xmesg:lymQB02x064:qj6IDK7rITs""><img src=""http://feeds.feedburner.com/~ff/rss/cnn_world?d=qj6IDK7rITs"" border=""0""></img></a> <a href=""http://rss.cnn.com/~ff/rss/cnn_world?a=iogzj-Xmesg:lymQB02x064:gIN9vFwOqvQ""><img src=""http://feeds.feedburner.com/~ff/rss/cnn_world?i=iogzj-Xmesg:lymQB02x064:gIN9vFwOqvQ"" border=""0""></img></a>
</div><img src=""http://feeds.feedburner.com/~r/rss/cnn_world/~4/iogzj-Xmesg"" height=""1"" width=""1"" alt=""""/>",http://rss.cnn.com/~r/rss/cnn_world/~3/iogzj-Xmesg/lima-new-capital-food-gastronomy-gaston-acurio-mitsuharu-tsumura-peru.cnn,"Mon, 09 Mar 2020 13:57:37 GMT",Fashion,5
Dubai unveils plans for electric sky pod network,"Travelers in Dubai could soon be enjoying more scenic routes with the addition of aerial vehicles to the public transport network.<div class=""feedflare"">
<a href=""http://rss.cnn.com/~ff/rss/cnn_world?a=M34TbAIP7es:Wc1dTWmQZMs:yIl2AUoC8zA""><img src=""http://feeds.feedburner.com/~ff/rss/cnn_world?d=yIl2AUoC8zA"" border=""0""></img></a> <a href=""http://rss.cnn.com/~ff/rss/cnn_world?a=M34TbAIP7es:Wc1dTWmQZMs:7Q72WNTAKBA""><img src=""http://feeds.feedburner.com/~ff/rss/cnn_world?d=7Q72WNTAKBA"" border=""0""></img></a> <a href=""http://rss.cnn.com/~ff/rss/cnn_world?a=M34TbAIP7es:Wc1dTWmQZMs:V_sGLiPBpWU""><img src=""http://feeds.feedburner.com/~ff/rss/cnn_world?i=M34TbAIP7es:Wc1dTWmQZMs:V_sGLiPBpWU"" border=""0""></img></a> <a href=""http://rss.cnn.com/~ff/rss/cnn_world?a=M34TbAIP7es:Wc1dTWmQZMs:qj6IDK7rITs""><img src=""http://feeds.feedburner.com/~ff/rss/cnn_world?d=qj6IDK7rITs"" border=""0""></img></a> <a href=""http://rss.cnn.com/~ff/rss/cnn_world?a=M34TbAIP7es:Wc1dTWmQZMs:gIN9vFwOqvQ""><img src=""http://feeds.feedburner.com/~ff/rss/cnn_world?i=M34TbAIP7es:Wc1dTWmQZMs:gIN9vFwOqvQ"" border=""0""></img></a>
</div><img src=""http://feeds.feedburner.com/~r/rss/cnn_world/~4/M34TbAIP7es"" height=""1"" width=""1"" alt=""""/>",http://rss.cnn.com/~r/rss/cnn_world/~3/M34TbAIP7es/index.html,"Mon, 09 Mar 2020 11:11:36 GMT",culinary,4
'It's crazy': Panic buying forces stores to limit purchases of toilet paper and masks,"Rationing supplies. Overwhelmed delivery workers. Toilet paper protected by security guards.<div class=""feedflare"">
<a href=""http://rss.cnn.com/~ff/rss/cnn_world?a=1zqxYaVXioE:DyPbtqtcvyU:yIl2AUoC8zA""><img src=""http://feeds.feedburner.com/~ff/rss/cnn_world?d=yIl2AUoC8zA"" border=""0""></img></a> <a href=""http://rss.cnn.com/~ff/rss/cnn_world?a=1zqxYaVXioE:DyPbtqtcvyU:7Q72WNTAKBA""><img src=""http://feeds.feedburner.com/~ff/rss/cnn_world?d=7Q72WNTAKBA"" border=""0""></img></a> <a href=""http://rss.cnn.com/~ff/rss/cnn_world?a=1zqxYaVXioE:DyPbtqtcvyU:V_sGLiPBpWU""><img src=""http://feeds.feedburner.com/~ff/rss/cnn_world?i=1zqxYaVXioE:DyPbtqtcvyU:V_sGLiPBpWU"" border=""0""></img></a> <a href=""http://rss.cnn.com/~ff/rss/cnn_world?a=1zqxYaVXioE:DyPbtqtcvyU:qj6IDK7rITs""><img src=""http://feeds.feedburner.com/~ff/rss/cnn_world?d=qj6IDK7rITs"" border=""0""></img></a> <a href=""http://rss.cnn.com/~ff/rss/cnn_world?a=1zqxYaVXioE:DyPbtqtcvyU:gIN9vFwOqvQ""><img src=""http://feeds.feedburner.com/~ff/rss/cnn_world?i=1zqxYaVXioE:DyPbtqtcvyU:gIN9vFwOqvQ"" border=""0""></img></a>
</div><img src=""http://feeds.feedburner.com/~r/rss/cnn_world/~4/1zqxYaVXioE"" height=""1"" width=""1"" alt=""""/>",http://rss.cnn.com/~r/rss/cnn_world/~3/1zqxYaVXioE/index.html,"Fri, 06 Mar 2020 11:13:51 GMT",health,4
Dirty money: The case against using cash right now,"The ongoing spread of coronavirus is forcing institutions around the world to rethink one particularly germy surface that most consumers touch every day: cash.<div class=""feedflare"">
<a href=""http://rss.cnn.com/~ff/rss/cnn_world?a=5bx44WW2PCA:V2l8fcjO3J0:yIl2AUoC8zA""><img src=""http://feeds.feedburner.com/~ff/rss/cnn_world?d=yIl2AUoC8zA"" border=""0""></img></a> <a href=""http://rss.cnn.com/~ff/rss/cnn_world?a=5bx44WW2PCA:V2l8fcjO3J0:7Q72WNTAKBA""><img src=""http://feeds.feedburner.com/~ff/rss/cnn_world?d=7Q72WNTAKBA"" border=""0""></img></a> <a href=""http://rss.cnn.com/~ff/rss/cnn_world?a=5bx44WW2PCA:V2l8fcjO3J0:V_sGLiPBpWU""><img src=""http://feeds.feedburner.com/~ff/rss/cnn_world?i=5bx44WW2PCA:V2l8fcjO3J0:V_sGLiPBpWU"" border=""0""></img></a> <a href=""http://rss.cnn.com/~ff/rss/cnn_world?a=5bx44WW2PCA:V2l8fcjO3J0:qj6IDK7rITs""><img src=""http://feeds.feedburner.com/~ff/rss/cnn_world?d=qj6IDK7rITs"" border=""0""></img></a> <a href=""http://rss.cnn.com/~ff/rss/cnn_world?a=5bx44WW2PCA:V2l8fcjO3J0:gIN9vFwOqvQ""><img src=""http://feeds.feedburner.com/~ff/rss/cnn_world?i=5bx44WW2PCA:V2l8fcjO3J0:gIN9vFwOqvQ"" border=""0""></img></a>
</div><img src=""http://feeds.feedburner.com/~r/rss/cnn_world/~4/5bx44WW2PCA"" height=""1"" width=""1"" alt=""""/>",http://rss.cnn.com/~r/rss/cnn_world/~3/5bx44WW2PCA/index.html,"Sat, 07 Mar 2020 14:34:04 GMT",outbreak,4
"Nintendo Playstation sold for $360,000 to original owner of Pets.com","One of last known copies of a video game console that never came to market, the Nintendo Play Station, sold for $360,000 at auction.<div class=""feedflare"">
<a href=""http://rss.cnn.com/~ff/rss/cnn_world?a=fzw2xaAVvMw:ORb4JLZ4dNs:yIl2AUoC8zA""><img src=""http://feeds.feedburner.com/~ff/rss/cnn_world?d=yIl2AUoC8zA"" border=""0""></img></a> <a href=""http://rss.cnn.com/~ff/rss/cnn_world?a=fzw2xaAVvMw:ORb4JLZ4dNs:7Q72WNTAKBA""><img src=""http://feeds.feedburner.com/~ff/rss/cnn_world?d=7Q72WNTAKBA"" border=""0""></img></a> <a href=""http://rss.cnn.com/~ff/rss/cnn_world?a=fzw2xaAVvMw:ORb4JLZ4dNs:V_sGLiPBpWU""><img src=""http://feeds.feedburner.com/~ff/rss/cnn_world?i=fzw2xaAVvMw:ORb4JLZ4dNs:V_sGLiPBpWU"" border=""0""></img></a> <a href=""http://rss.cnn.com/~ff/rss/cnn_world?a=fzw2xaAVvMw:ORb4JLZ4dNs:qj6IDK7rITs""><img src=""http://feeds.feedburner.com/~ff/rss/cnn_world?d=qj6IDK7rITs"" border=""0""></img></a> <a href=""http://rss.cnn.com/~ff/rss/cnn_world?a=fzw2xaAVvMw:ORb4JLZ4dNs:gIN9vFwOqvQ""><img src=""http://feeds.feedburner.com/~ff/rss/cnn_world?i=fzw2xaAVvMw:ORb4JLZ4dNs:gIN9vFwOqvQ"" border=""0""></img></a>
</div><img src=""http://feeds.feedburner.com/~r/rss/cnn_world/~4/fzw2xaAVvMw"" height=""1"" width=""1"" alt=""""/>",http://rss.cnn.com/~r/rss/cnn_world/~3/fzw2xaAVvMw/index.html,"Sat, 07 Mar 2020 19:58:26 GMT",,
Elon Musk's brother wants to transform farming,"Plant-based foods are all the rage right now, and vertical farms are capitalizing on the trend.<div class=""feedflare"">
<a href=""http://rss.cnn.com/~ff/rss/cnn_world?a=3g0-behwUIA:HwWcIQhPlzo:yIl2AUoC8zA""><img src=""http://feeds.feedburner.com/~ff/rss/cnn_world?d=yIl2AUoC8zA"" border=""0""></img></a> <a href=""http://rss.cnn.com/~ff/rss/cnn_world?a=3g0-behwUIA:HwWcIQhPlzo:7Q72WNTAKBA""><img src=""http://feeds.feedburner.com/~ff/rss/cnn_world?d=7Q72WNTAKBA"" border=""0""></img></a> <a href=""http://rss.cnn.com/~ff/rss/cnn_world?a=3g0-behwUIA:HwWcIQhPlzo:V_sGLiPBpWU""><img src=""http://feeds.feedburner.com/~ff/rss/cnn_world?i=3g0-behwUIA:HwWcIQhPlzo:V_sGLiPBpWU"" border=""0""></img></a> <a href=""http://rss.cnn.com/~ff/rss/cnn_world?a=3g0-behwUIA:HwWcIQhPlzo:qj6IDK7rITs""><img src=""http://feeds.feedburner.com/~ff/rss/cnn_world?d=qj6IDK7rITs"" border=""0""></img></a> <a href=""http://rss.cnn.com/~ff/rss/cnn_world?a=3g0-behwUIA:HwWcIQhPlzo:gIN9vFwOqvQ""><img src=""http://feeds.feedburner.com/~ff/rss/cnn_world?i=3g0-behwUIA:HwWcIQhPlzo:gIN9vFwOqvQ"" border=""0""></img></a>
</div><img src=""http://feeds.feedburner.com/~r/rss/cnn_world/~4/3g0-behwUIA"" height=""1"" width=""1"" alt=""""/>",http://rss.cnn.com/~r/rss/cnn_world/~3/3g0-behwUIA/index.html,"Fri, 28 Feb 2020 18:17:59 GMT",,
'Flying cellphone towers' are bringing internet to remote areas,"Tech giants including Google and Facebook have spent years trying to figure out how to bring the internet to billions of people who still lack a reliable connection. Now, an American startup has come up with its own plan.<div class=""feedflare"">
<a href=""http://rss.cnn.com/~ff/rss/cnn_world?a=6hgFv43Flnk:cggatkWfPyI:yIl2AUoC8zA""><img src=""http://feeds.feedburner.com/~ff/rss/cnn_world?d=yIl2AUoC8zA"" border=""0""></img></a> <a href=""http://rss.cnn.com/~ff/rss/cnn_world?a=6hgFv43Flnk:cggatkWfPyI:7Q72WNTAKBA""><img src=""http://feeds.feedburner.com/~ff/rss/cnn_world?d=7Q72WNTAKBA"" border=""0""></img></a> <a href=""http://rss.cnn.com/~ff/rss/cnn_world?a=6hgFv43Flnk:cggatkWfPyI:V_sGLiPBpWU""><img src=""http://feeds.feedburner.com/~ff/rss/cnn_world?i=6hgFv43Flnk:cggatkWfPyI:V_sGLiPBpWU"" border=""0""></img></a> <a href=""http://rss.cnn.com/~ff/rss/cnn_world?a=6hgFv43Flnk:cggatkWfPyI:qj6IDK7rITs""><img src=""http://feeds.feedburner.com/~ff/rss/cnn_world?d=qj6IDK7rITs"" border=""0""></img></a> <a href=""http://rss.cnn.com/~ff/rss/cnn_world?a=6hgFv43Flnk:cggatkWfPyI:gIN9vFwOqvQ""><img src=""http://feeds.feedburner.com/~ff/rss/cnn_world?i=6hgFv43Flnk:cggatkWfPyI:gIN9vFwOqvQ"" border=""0""></img></a>
</div><img src=""http://feeds.feedburner.com/~r/rss/cnn_world/~4/6hgFv43Flnk"" height=""1"" width=""1"" alt=""""/>",http://rss.cnn.com/~r/rss/cnn_world/~3/6hgFv43Flnk/index.html,"Wed, 19 Feb 2020 09:48:04 GMT",,
US cities are losing 36 million trees a year. Here's why it matters ,"If you're looking for a reason to care about tree loss, the nation's latest heat wave might be it.  Trees can lower summer daytime temperatures by as much as 10 degrees Fahrenheit, according to a recent study.<div class=""feedflare"">
<a href=""http://rss.cnn.com/~ff/rss/cnn_world?a=KlnsnygiAw8:rKKNDkmW6Uw:yIl2AUoC8zA""><img src=""http://feeds.feedburner.com/~ff/rss/cnn_world?d=yIl2AUoC8zA"" border=""0""></img></a> <a href=""http://rss.cnn.com/~ff/rss/cnn_world?a=KlnsnygiAw8:rKKNDkmW6Uw:7Q72WNTAKBA""><img src=""http://feeds.feedburner.com/~ff/rss/cnn_world?d=7Q72WNTAKBA"" border=""0""></img></a> <a href=""http://rss.cnn.com/~ff/rss/cnn_world?a=KlnsnygiAw8:rKKNDkmW6Uw:V_sGLiPBpWU""><img src=""http://feeds.feedburner.com/~ff/rss/cnn_world?i=KlnsnygiAw8:rKKNDkmW6Uw:V_sGLiPBpWU"" border=""0""></img></a> <a href=""http://rss.cnn.com/~ff/rss/cnn_world?a=KlnsnygiAw8:rKKNDkmW6Uw:qj6IDK7rITs""><img src=""http://feeds.feedburner.com/~ff/rss/cnn_world?d=qj6IDK7rITs"" border=""0""></img></a> <a href=""http://rss.cnn.com/~ff/rss/cnn_world?a=KlnsnygiAw8:rKKNDkmW6Uw:gIN9vFwOqvQ""><img src=""http://feeds.feedburner.com/~ff/rss/cnn_world?i=KlnsnygiAw8:rKKNDkmW6Uw:gIN9vFwOqvQ"" border=""0""></img></a>
</div><img src=""http://feeds.feedburner.com/~r/rss/cnn_world/~4/KlnsnygiAw8"" height=""1"" width=""1"" alt=""""/>",http://rss.cnn.com/~r/rss/cnn_world/~3/KlnsnygiAw8/index.html,"Wed, 18 Sep 2019 16:44:32 GMT",,
Miami's Little Haiti wasn't a target for developers. Until the seas started to rise,"<div class=""feedflare"">
<a href=""http://rss.cnn.com/~ff/rss/cnn_world?a=pbQjkbD_bFk:cxD8ILcewHg:yIl2AUoC8zA""><img src=""http://feeds.feedburner.com/~ff/rss/cnn_world?d=yIl2AUoC8zA"" border=""0""></img></a> <a href=""http://rss.cnn.com/~ff/rss/cnn_world?a=pbQjkbD_bFk:cxD8ILcewHg:7Q72WNTAKBA""><img src=""http://feeds.feedburner.com/~ff/rss/cnn_world?d=7Q72WNTAKBA"" border=""0""></img></a> <a href=""http://rss.cnn.com/~ff/rss/cnn_world?a=pbQjkbD_bFk:cxD8ILcewHg:V_sGLiPBpWU""><img src=""http://feeds.feedburner.com/~ff/rss/cnn_world?i=pbQjkbD_bFk:cxD8ILcewHg:V_sGLiPBpWU"" border=""0""></img></a> <a href=""http://rss.cnn.com/~ff/rss/cnn_world?a=pbQjkbD_bFk:cxD8ILcewHg:qj6IDK7rITs""><img src=""http://feeds.feedburner.com/~ff/rss/cnn_world?d=qj6IDK7rITs"" border=""0""></img></a> <a href=""http://rss.cnn.com/~ff/rss/cnn_world?a=pbQjkbD_bFk:cxD8ILcewHg:gIN9vFwOqvQ""><img src=""http://feeds.feedburner.com/~ff/rss/cnn_world?i=pbQjkbD_bFk:cxD8ILcewHg:gIN9vFwOqvQ"" border=""0""></img></a>
</div><img src=""http://feeds.feedburner.com/~r/rss/cnn_world/~4/pbQjkbD_bFk"" height=""1"" width=""1"" alt=""""/>",http://rss.cnn.com/~r/rss/cnn_world/~3/pbQjkbD_bFk/index.html,"Fri, 12 Jul 2019 15:14:00 GMT",,
How rich people could help save the planet from the climate crisis,"Rich people don't just have bigger bank balances and more lavish lifestyles than the rest of us -- they also have bigger carbon footprints.<div class=""feedflare"">
<a href=""http://rss.cnn.com/~ff/rss/cnn_world?a=Pa_SMoc1110:WRxCgHfOCwY:yIl2AUoC8zA""><img src=""http://feeds.feedburner.com/~ff/rss/cnn_world?d=yIl2AUoC8zA"" border=""0""></img></a> <a href=""http://rss.cnn.com/~ff/rss/cnn_world?a=Pa_SMoc1110:WRxCgHfOCwY:7Q72WNTAKBA""><img src=""http://feeds.feedburner.com/~ff/rss/cnn_world?d=7Q72WNTAKBA"" border=""0""></img></a> <a href=""http://rss.cnn.com/~ff/rss/cnn_world?a=Pa_SMoc1110:WRxCgHfOCwY:V_sGLiPBpWU""><img src=""http://feeds.feedburner.com/~ff/rss/cnn_world?i=Pa_SMoc1110:WRxCgHfOCwY:V_sGLiPBpWU"" border=""0""></img></a> <a href=""http://rss.cnn.com/~ff/rss/cnn_world?a=Pa_SMoc1110:WRxCgHfOCwY:qj6IDK7rITs""><img src=""http://feeds.feedburner.com/~ff/rss/cnn_world?d=qj6IDK7rITs"" border=""0""></img></a> <a href=""http://rss.cnn.com/~ff/rss/cnn_world?a=Pa_SMoc1110:WRxCgHfOCwY:gIN9vFwOqvQ""><img src=""http://feeds.feedburner.com/~ff/rss/cnn_world?i=Pa_SMoc1110:WRxCgHfOCwY:gIN9vFwOqvQ"" border=""0""></img></a>
</div><img src=""http://feeds.feedburner.com/~r/rss/cnn_world/~4/Pa_SMoc1110"" height=""1"" width=""1"" alt=""""/>",http://rss.cnn.com/~r/rss/cnn_world/~3/Pa_SMoc1110/index.html,"Fri, 12 Jul 2019 09:20:40 GMT",,
"'Beauty is complicated,' says provocative photographer","Beauty is often thought of in relation to fashion and femininity. Its construct in pop culture is something that I've always tried to work with in different ways in relation to my work as a photographer. Beauty is complicated; it's an individual response to how we live our lives -- but it can also encompass kindness and compassion.<div class=""feedflare"">
<a href=""http://rss.cnn.com/~ff/rss/cnn_world?a=e-l7qZ0glHQ:FXC9VHS-PK4:yIl2AUoC8zA""><img src=""http://feeds.feedburner.com/~ff/rss/cnn_world?d=yIl2AUoC8zA"" border=""0""></img></a> <a href=""http://rss.cnn.com/~ff/rss/cnn_world?a=e-l7qZ0glHQ:FXC9VHS-PK4:7Q72WNTAKBA""><img src=""http://feeds.feedburner.com/~ff/rss/cnn_world?d=7Q72WNTAKBA"" border=""0""></img></a> <a href=""http://rss.cnn.com/~ff/rss/cnn_world?a=e-l7qZ0glHQ:FXC9VHS-PK4:V_sGLiPBpWU""><img src=""http://feeds.feedburner.com/~ff/rss/cnn_world?i=e-l7qZ0glHQ:FXC9VHS-PK4:V_sGLiPBpWU"" border=""0""></img></a> <a href=""http://rss.cnn.com/~ff/rss/cnn_world?a=e-l7qZ0glHQ:FXC9VHS-PK4:qj6IDK7rITs""><img src=""http://feeds.feedburner.com/~ff/rss/cnn_world?d=qj6IDK7rITs"" border=""0""></img></a> <a href=""http://rss.cnn.com/~ff/rss/cnn_world?a=e-l7qZ0glHQ:FXC9VHS-PK4:gIN9vFwOqvQ""><img src=""http://feeds.feedburner.com/~ff/rss/cnn_world?i=e-l7qZ0glHQ:FXC9VHS-PK4:gIN9vFwOqvQ"" border=""0""></img></a>
</div><img src=""http://feeds.feedburner.com/~r/rss/cnn_world/~4/e-l7qZ0glHQ"" height=""1"" width=""1"" alt=""""/>",http://rss.cnn.com/~r/rss/cnn_world/~3/e-l7qZ0glHQ/index.html,"Fri, 06 Mar 2020 16:46:42 GMT",,
What the kimono's wide-reaching influence tells us about cultural appropriation,"Recently, the conversation around cultural appropriation in fashion has been unavoidable.  Headline-grabbing examples of questionable borrowing abound: In January, fashion house Comme des Gar√ßons was lambasted for sending predominantly white models down the runway in cornrow wigs, while last October, country singer Kacey Musgraves received online backlash when she posted sexy photos of herself wearing a traditional Vietnamese ao dai dress on Instagram. And just last week, Kim Kardashian was once again accused of appropriating black women's hairstyles by wearing braids at Paris Fashion Week.<div class=""feedflare"">
<a href=""http://rss.cnn.com/~ff/rss/cnn_world?a=Otvt8Cf-Ftw:Jb5Ku-pQOxQ:yIl2AUoC8zA""><img src=""http://feeds.feedburner.com/~ff/rss/cnn_world?d=yIl2AUoC8zA"" border=""0""></img></a> <a href=""http://rss.cnn.com/~ff/rss/cnn_world?a=Otvt8Cf-Ftw:Jb5Ku-pQOxQ:7Q72WNTAKBA""><img src=""http://feeds.feedburner.com/~ff/rss/cnn_world?d=7Q72WNTAKBA"" border=""0""></img></a> <a href=""http://rss.cnn.com/~ff/rss/cnn_world?a=Otvt8Cf-Ftw:Jb5Ku-pQOxQ:V_sGLiPBpWU""><img src=""http://feeds.feedburner.com/~ff/rss/cnn_world?i=Otvt8Cf-Ftw:Jb5Ku-pQOxQ:V_sGLiPBpWU"" border=""0""></img></a> <a href=""http://rss.cnn.com/~ff/rss/cnn_world?a=Otvt8Cf-Ftw:Jb5Ku-pQOxQ:qj6IDK7rITs""><img src=""http://feeds.feedburner.com/~ff/rss/cnn_world?d=qj6IDK7rITs"" border=""0""></img></a> <a href=""http://rss.cnn.com/~ff/rss/cnn_world?a=Otvt8Cf-Ftw:Jb5Ku-pQOxQ:gIN9vFwOqvQ""><img src=""http://feeds.feedburner.com/~ff/rss/cnn_world?i=Otvt8Cf-Ftw:Jb5Ku-pQOxQ:gIN9vFwOqvQ"" border=""0""></img></a>
</div><img src=""http://feeds.feedburner.com/~r/rss/cnn_world/~4/Otvt8Cf-Ftw"" height=""1"" width=""1"" alt=""""/>",http://rss.cnn.com/~r/rss/cnn_world/~3/Otvt8Cf-Ftw/index.html,"Fri, 06 Mar 2020 14:00:33 GMT",,
Highlights from Paris Fashion Week,"Paris Fashion Week wasn't just about celebrating new looks this season. Coronavirus fears loomed large for visitors in the French capital -- the last stop in a series of Fashion Weeks that kicked off in New York nearly a month ago. Many of the crowd had arrived straight off the back of Milan Fashion Week, where cases of COVID-19 continue to surge.<div class=""feedflare"">
<a href=""http://rss.cnn.com/~ff/rss/cnn_world?a=5CXpZtq-vBs:bVkTVEfUlRE:yIl2AUoC8zA""><img src=""http://feeds.feedburner.com/~ff/rss/cnn_world?d=yIl2AUoC8zA"" border=""0""></img></a> <a href=""http://rss.cnn.com/~ff/rss/cnn_world?a=5CXpZtq-vBs:bVkTVEfUlRE:7Q72WNTAKBA""><img src=""http://feeds.feedburner.com/~ff/rss/cnn_world?d=7Q72WNTAKBA"" border=""0""></img></a> <a href=""http://rss.cnn.com/~ff/rss/cnn_world?a=5CXpZtq-vBs:bVkTVEfUlRE:V_sGLiPBpWU""><img src=""http://feeds.feedburner.com/~ff/rss/cnn_world?i=5CXpZtq-vBs:bVkTVEfUlRE:V_sGLiPBpWU"" border=""0""></img></a> <a href=""http://rss.cnn.com/~ff/rss/cnn_world?a=5CXpZtq-vBs:bVkTVEfUlRE:qj6IDK7rITs""><img src=""http://feeds.feedburner.com/~ff/rss/cnn_world?d=qj6IDK7rITs"" border=""0""></img></a> <a href=""http://rss.cnn.com/~ff/rss/cnn_world?a=5CXpZtq-vBs:bVkTVEfUlRE:gIN9vFwOqvQ""><img src=""http://feeds.feedburner.com/~ff/rss/cnn_world?i=5CXpZtq-vBs:bVkTVEfUlRE:gIN9vFwOqvQ"" border=""0""></img></a>
</div><img src=""http://feeds.feedburner.com/~r/rss/cnn_world/~4/5CXpZtq-vBs"" height=""1"" width=""1"" alt=""""/>",http://rss.cnn.com/~r/rss/cnn_world/~3/5CXpZtq-vBs/index.html,"Fri, 06 Mar 2020 20:59:50 GMT",,
Why what we look like matters more than ever,"The modern-day mirror was invented by German chemist Justus von Liebig in 1835. While there had previously been means to catch a glimpse of oneself, this was the first time in history that people could see a vivid and detailed reflection of their physical identity.<div class=""feedflare"">
<a href=""http://rss.cnn.com/~ff/rss/cnn_world?a=Rx6wQjibIyk:EALjzqnBRTA:yIl2AUoC8zA""><img src=""http://feeds.feedburner.com/~ff/rss/cnn_world?d=yIl2AUoC8zA"" border=""0""></img></a> <a href=""http://rss.cnn.com/~ff/rss/cnn_world?a=Rx6wQjibIyk:EALjzqnBRTA:7Q72WNTAKBA""><img src=""http://feeds.feedburner.com/~ff/rss/cnn_world?d=7Q72WNTAKBA"" border=""0""></img></a> <a href=""http://rss.cnn.com/~ff/rss/cnn_world?a=Rx6wQjibIyk:EALjzqnBRTA:V_sGLiPBpWU""><img src=""http://feeds.feedburner.com/~ff/rss/cnn_world?i=Rx6wQjibIyk:EALjzqnBRTA:V_sGLiPBpWU"" border=""0""></img></a> <a href=""http://rss.cnn.com/~ff/rss/cnn_world?a=Rx6wQjibIyk:EALjzqnBRTA:qj6IDK7rITs""><img src=""http://feeds.feedburner.com/~ff/rss/cnn_world?d=qj6IDK7rITs"" border=""0""></img></a> <a href=""http://rss.cnn.com/~ff/rss/cnn_world?a=Rx6wQjibIyk:EALjzqnBRTA:gIN9vFwOqvQ""><img src=""http://feeds.feedburner.com/~ff/rss/cnn_world?i=Rx6wQjibIyk:EALjzqnBRTA:gIN9vFwOqvQ"" border=""0""></img></a>
</div><img src=""http://feeds.feedburner.com/~r/rss/cnn_world/~4/Rx6wQjibIyk"" height=""1"" width=""1"" alt=""""/>",http://rss.cnn.com/~r/rss/cnn_world/~3/Rx6wQjibIyk/index.html,"Tue, 03 Mar 2020 10:59:42 GMT",,
How the 1% are preparing for the apocalypse,"Say ""doomsday bunker"" and most people would imagine a concrete room filled with cots and canned goods.<div class=""feedflare"">
<a href=""http://rss.cnn.com/~ff/rss/cnn_world?a=-rJZjtFN7FY:C6UAoZzknQQ:yIl2AUoC8zA""><img src=""http://feeds.feedburner.com/~ff/rss/cnn_world?d=yIl2AUoC8zA"" border=""0""></img></a> <a href=""http://rss.cnn.com/~ff/rss/cnn_world?a=-rJZjtFN7FY:C6UAoZzknQQ:7Q72WNTAKBA""><img src=""http://feeds.feedburner.com/~ff/rss/cnn_world?d=7Q72WNTAKBA"" border=""0""></img></a> <a href=""http://rss.cnn.com/~ff/rss/cnn_world?a=-rJZjtFN7FY:C6UAoZzknQQ:V_sGLiPBpWU""><img src=""http://feeds.feedburner.com/~ff/rss/cnn_world?i=-rJZjtFN7FY:C6UAoZzknQQ:V_sGLiPBpWU"" border=""0""></img></a> <a href=""http://rss.cnn.com/~ff/rss/cnn_world?a=-rJZjtFN7FY:C6UAoZzknQQ:qj6IDK7rITs""><img src=""http://feeds.feedburner.com/~ff/rss/cnn_world?d=qj6IDK7rITs"" border=""0""></img></a> <a href=""http://rss.cnn.com/~ff/rss/cnn_world?a=-rJZjtFN7FY:C6UAoZzknQQ:gIN9vFwOqvQ""><img src=""http://feeds.feedburner.com/~ff/rss/cnn_world?i=-rJZjtFN7FY:C6UAoZzknQQ:gIN9vFwOqvQ"" border=""0""></img></a>
</div><img src=""http://feeds.feedburner.com/~r/rss/cnn_world/~4/-rJZjtFN7FY"" height=""1"" width=""1"" alt=""""/>",http://rss.cnn.com/~r/rss/cnn_world/~3/-rJZjtFN7FY/index.html,"Wed, 07 Aug 2019 13:09:47 GMT",,
"Empowering, alluring or degenerate? The evolution of red lipstick ","In 1912 thousands of suffragettes marched past the New York salon of Elizabeth Arden. The cosmetics brand founder, who had just opened her business two years earlier, was a supporter of women's rights, and she aligned herself with the cause by handing out tubes of bright red lipstick to the marching women.<div class=""feedflare"">
<a href=""http://rss.cnn.com/~ff/rss/cnn_world?a=m70JYyjSCmw:2tdAasksuCM:yIl2AUoC8zA""><img src=""http://feeds.feedburner.com/~ff/rss/cnn_world?d=yIl2AUoC8zA"" border=""0""></img></a> <a href=""http://rss.cnn.com/~ff/rss/cnn_world?a=m70JYyjSCmw:2tdAasksuCM:7Q72WNTAKBA""><img src=""http://feeds.feedburner.com/~ff/rss/cnn_world?d=7Q72WNTAKBA"" border=""0""></img></a> <a href=""http://rss.cnn.com/~ff/rss/cnn_world?a=m70JYyjSCmw:2tdAasksuCM:V_sGLiPBpWU""><img src=""http://feeds.feedburner.com/~ff/rss/cnn_world?i=m70JYyjSCmw:2tdAasksuCM:V_sGLiPBpWU"" border=""0""></img></a> <a href=""http://rss.cnn.com/~ff/rss/cnn_world?a=m70JYyjSCmw:2tdAasksuCM:qj6IDK7rITs""><img src=""http://feeds.feedburner.com/~ff/rss/cnn_world?d=qj6IDK7rITs"" border=""0""></img></a> <a href=""http://rss.cnn.com/~ff/rss/cnn_world?a=m70JYyjSCmw:2tdAasksuCM:gIN9vFwOqvQ""><img src=""http://feeds.feedburner.com/~ff/rss/cnn_world?i=m70JYyjSCmw:2tdAasksuCM:gIN9vFwOqvQ"" border=""0""></img></a>
</div><img src=""http://feeds.feedburner.com/~r/rss/cnn_world/~4/m70JYyjSCmw"" height=""1"" width=""1"" alt=""""/>",http://rss.cnn.com/~r/rss/cnn_world/~3/m70JYyjSCmw/index.html,"Tue, 03 Mar 2020 21:31:20 GMT",,
Why the last man standing on the coronavirus cruise ship never gave up,"His ship may have been to hell and back, becoming a floating coronavirus-infected prison for passengers quarantined at port in Japan, but when the captain of the Diamond Princess cruise ship became the last person aboard to finally step onto dry land, he looked entirely unruffled by the experience.<div class=""feedflare"">
<a href=""http://rss.cnn.com/~ff/rss/cnn_world?a=QwZYmjfEvH0:Tv2kcH9bxK8:yIl2AUoC8zA""><img src=""http://feeds.feedburner.com/~ff/rss/cnn_world?d=yIl2AUoC8zA"" border=""0""></img></a> <a href=""http://rss.cnn.com/~ff/rss/cnn_world?a=QwZYmjfEvH0:Tv2kcH9bxK8:7Q72WNTAKBA""><img src=""http://feeds.feedburner.com/~ff/rss/cnn_world?d=7Q72WNTAKBA"" border=""0""></img></a> <a href=""http://rss.cnn.com/~ff/rss/cnn_world?a=QwZYmjfEvH0:Tv2kcH9bxK8:V_sGLiPBpWU""><img src=""http://feeds.feedburner.com/~ff/rss/cnn_world?i=QwZYmjfEvH0:Tv2kcH9bxK8:V_sGLiPBpWU"" border=""0""></img></a> <a href=""http://rss.cnn.com/~ff/rss/cnn_world?a=QwZYmjfEvH0:Tv2kcH9bxK8:qj6IDK7rITs""><img src=""http://feeds.feedburner.com/~ff/rss/cnn_world?d=qj6IDK7rITs"" border=""0""></img></a> <a href=""http://rss.cnn.com/~ff/rss/cnn_world?a=QwZYmjfEvH0:Tv2kcH9bxK8:gIN9vFwOqvQ""><img src=""http://feeds.feedburner.com/~ff/rss/cnn_world?i=QwZYmjfEvH0:Tv2kcH9bxK8:gIN9vFwOqvQ"" border=""0""></img></a>
</div><img src=""http://feeds.feedburner.com/~r/rss/cnn_world/~4/QwZYmjfEvH0"" height=""1"" width=""1"" alt=""""/>",http://rss.cnn.com/~r/rss/cnn_world/~3/QwZYmjfEvH0/index.html,"Thu, 05 Mar 2020 14:26:45 GMT",,
Why do Olympic parks keep being abandoned?,"At the forefront of the photo, a diver leaps into azure Spanish skies, arching her body into a streamlined curve.<div class=""feedflare"">
<a href=""http://rss.cnn.com/~ff/rss/cnn_world?a=KyyFiWbq_BY:9nHEoYRFRIw:yIl2AUoC8zA""><img src=""http://feeds.feedburner.com/~ff/rss/cnn_world?d=yIl2AUoC8zA"" border=""0""></img></a> <a href=""http://rss.cnn.com/~ff/rss/cnn_world?a=KyyFiWbq_BY:9nHEoYRFRIw:7Q72WNTAKBA""><img src=""http://feeds.feedburner.com/~ff/rss/cnn_world?d=7Q72WNTAKBA"" border=""0""></img></a> <a href=""http://rss.cnn.com/~ff/rss/cnn_world?a=KyyFiWbq_BY:9nHEoYRFRIw:V_sGLiPBpWU""><img src=""http://feeds.feedburner.com/~ff/rss/cnn_world?i=KyyFiWbq_BY:9nHEoYRFRIw:V_sGLiPBpWU"" border=""0""></img></a> <a href=""http://rss.cnn.com/~ff/rss/cnn_world?a=KyyFiWbq_BY:9nHEoYRFRIw:qj6IDK7rITs""><img src=""http://feeds.feedburner.com/~ff/rss/cnn_world?d=qj6IDK7rITs"" border=""0""></img></a> <a href=""http://rss.cnn.com/~ff/rss/cnn_world?a=KyyFiWbq_BY:9nHEoYRFRIw:gIN9vFwOqvQ""><img src=""http://feeds.feedburner.com/~ff/rss/cnn_world?i=KyyFiWbq_BY:9nHEoYRFRIw:gIN9vFwOqvQ"" border=""0""></img></a>
</div><img src=""http://feeds.feedburner.com/~r/rss/cnn_world/~4/KyyFiWbq_BY"" height=""1"" width=""1"" alt=""""/>",http://rss.cnn.com/~r/rss/cnn_world/~3/KyyFiWbq_BY/index.html,"Wed, 04 Mar 2020 11:24:18 GMT",,
The best travel photos of 2020 so far,"A cable car rides through the sky over Kathmandu Valley.<div class=""feedflare"">
<a href=""http://rss.cnn.com/~ff/rss/cnn_world?a=Yo6LDhYwzvY:mW85Xy3xI_4:yIl2AUoC8zA""><img src=""http://feeds.feedburner.com/~ff/rss/cnn_world?d=yIl2AUoC8zA"" border=""0""></img></a> <a href=""http://rss.cnn.com/~ff/rss/cnn_world?a=Yo6LDhYwzvY:mW85Xy3xI_4:7Q72WNTAKBA""><img src=""http://feeds.feedburner.com/~ff/rss/cnn_world?d=7Q72WNTAKBA"" border=""0""></img></a> <a href=""http://rss.cnn.com/~ff/rss/cnn_world?a=Yo6LDhYwzvY:mW85Xy3xI_4:V_sGLiPBpWU""><img src=""http://feeds.feedburner.com/~ff/rss/cnn_world?i=Yo6LDhYwzvY:mW85Xy3xI_4:V_sGLiPBpWU"" border=""0""></img></a> <a href=""http://rss.cnn.com/~ff/rss/cnn_world?a=Yo6LDhYwzvY:mW85Xy3xI_4:qj6IDK7rITs""><img src=""http://feeds.feedburner.com/~ff/rss/cnn_world?d=qj6IDK7rITs"" border=""0""></img></a> <a href=""http://rss.cnn.com/~ff/rss/cnn_world?a=Yo6LDhYwzvY:mW85Xy3xI_4:gIN9vFwOqvQ""><img src=""http://feeds.feedburner.com/~ff/rss/cnn_world?i=Yo6LDhYwzvY:mW85Xy3xI_4:gIN9vFwOqvQ"" border=""0""></img></a>
</div><img src=""http://feeds.feedburner.com/~r/rss/cnn_world/~4/Yo6LDhYwzvY"" height=""1"" width=""1"" alt=""""/>",http://rss.cnn.com/~r/rss/cnn_world/~3/Yo6LDhYwzvY/index.html,"Wed, 04 Mar 2020 10:39:37 GMT",,
The world's most powerful passport ,"The world's most powerful passport just got a makeover.<div class=""feedflare"">
<a href=""http://rss.cnn.com/~ff/rss/cnn_world?a=MCtgVkdifZo:2prrW2xNywM:yIl2AUoC8zA""><img src=""http://feeds.feedburner.com/~ff/rss/cnn_world?d=yIl2AUoC8zA"" border=""0""></img></a> <a href=""http://rss.cnn.com/~ff/rss/cnn_world?a=MCtgVkdifZo:2prrW2xNywM:7Q72WNTAKBA""><img src=""http://feeds.feedburner.com/~ff/rss/cnn_world?d=7Q72WNTAKBA"" border=""0""></img></a> <a href=""http://rss.cnn.com/~ff/rss/cnn_world?a=MCtgVkdifZo:2prrW2xNywM:V_sGLiPBpWU""><img src=""http://feeds.feedburner.com/~ff/rss/cnn_world?i=MCtgVkdifZo:2prrW2xNywM:V_sGLiPBpWU"" border=""0""></img></a> <a href=""http://rss.cnn.com/~ff/rss/cnn_world?a=MCtgVkdifZo:2prrW2xNywM:qj6IDK7rITs""><img src=""http://feeds.feedburner.com/~ff/rss/cnn_world?d=qj6IDK7rITs"" border=""0""></img></a> <a href=""http://rss.cnn.com/~ff/rss/cnn_world?a=MCtgVkdifZo:2prrW2xNywM:gIN9vFwOqvQ""><img src=""http://feeds.feedburner.com/~ff/rss/cnn_world?i=MCtgVkdifZo:2prrW2xNywM:gIN9vFwOqvQ"" border=""0""></img></a>
</div><img src=""http://feeds.feedburner.com/~r/rss/cnn_world/~4/MCtgVkdifZo"" height=""1"" width=""1"" alt=""""/>",http://rss.cnn.com/~r/rss/cnn_world/~3/MCtgVkdifZo/index.html,"Wed, 05 Feb 2020 02:30:30 GMT",,
How a low-cost startup changed the airline industry ,"As it turns 20 years old this month, JetBlue Airways is making bold moves: Ordering nearly 150 new state-of-the-art aircraft, shaking up the most valuable international route in the world and going green in a big way.<div class=""feedflare"">
<a href=""http://rss.cnn.com/~ff/rss/cnn_world?a=gGwA1zblYwI:bgvDCr6DAYI:yIl2AUoC8zA""><img src=""http://feeds.feedburner.com/~ff/rss/cnn_world?d=yIl2AUoC8zA"" border=""0""></img></a> <a href=""http://rss.cnn.com/~ff/rss/cnn_world?a=gGwA1zblYwI:bgvDCr6DAYI:7Q72WNTAKBA""><img src=""http://feeds.feedburner.com/~ff/rss/cnn_world?d=7Q72WNTAKBA"" border=""0""></img></a> <a href=""http://rss.cnn.com/~ff/rss/cnn_world?a=gGwA1zblYwI:bgvDCr6DAYI:V_sGLiPBpWU""><img src=""http://feeds.feedburner.com/~ff/rss/cnn_world?i=gGwA1zblYwI:bgvDCr6DAYI:V_sGLiPBpWU"" border=""0""></img></a> <a href=""http://rss.cnn.com/~ff/rss/cnn_world?a=gGwA1zblYwI:bgvDCr6DAYI:qj6IDK7rITs""><img src=""http://feeds.feedburner.com/~ff/rss/cnn_world?d=qj6IDK7rITs"" border=""0""></img></a> <a href=""http://rss.cnn.com/~ff/rss/cnn_world?a=gGwA1zblYwI:bgvDCr6DAYI:gIN9vFwOqvQ""><img src=""http://feeds.feedburner.com/~ff/rss/cnn_world?i=gGwA1zblYwI:bgvDCr6DAYI:gIN9vFwOqvQ"" border=""0""></img></a>
</div><img src=""http://feeds.feedburner.com/~r/rss/cnn_world/~4/gGwA1zblYwI"" height=""1"" width=""1"" alt=""""/>",http://rss.cnn.com/~r/rss/cnn_world/~3/gGwA1zblYwI/index.html,"Mon, 02 Mar 2020 22:16:04 GMT",,
Airline unveils economy-class sleeping pods ,"There are people who can sleep anywhere, any time, in any position -- including upright in an economy-class airplane seat.<div class=""feedflare"">
<a href=""http://rss.cnn.com/~ff/rss/cnn_world?a=T06wsf0jVGo:VlNFyLH8qak:yIl2AUoC8zA""><img src=""http://feeds.feedburner.com/~ff/rss/cnn_world?d=yIl2AUoC8zA"" border=""0""></img></a> <a href=""http://rss.cnn.com/~ff/rss/cnn_world?a=T06wsf0jVGo:VlNFyLH8qak:7Q72WNTAKBA""><img src=""http://feeds.feedburner.com/~ff/rss/cnn_world?d=7Q72WNTAKBA"" border=""0""></img></a> <a href=""http://rss.cnn.com/~ff/rss/cnn_world?a=T06wsf0jVGo:VlNFyLH8qak:V_sGLiPBpWU""><img src=""http://feeds.feedburner.com/~ff/rss/cnn_world?i=T06wsf0jVGo:VlNFyLH8qak:V_sGLiPBpWU"" border=""0""></img></a> <a href=""http://rss.cnn.com/~ff/rss/cnn_world?a=T06wsf0jVGo:VlNFyLH8qak:qj6IDK7rITs""><img src=""http://feeds.feedburner.com/~ff/rss/cnn_world?d=qj6IDK7rITs"" border=""0""></img></a> <a href=""http://rss.cnn.com/~ff/rss/cnn_world?a=T06wsf0jVGo:VlNFyLH8qak:gIN9vFwOqvQ""><img src=""http://feeds.feedburner.com/~ff/rss/cnn_world?i=T06wsf0jVGo:VlNFyLH8qak:gIN9vFwOqvQ"" border=""0""></img></a>
</div><img src=""http://feeds.feedburner.com/~r/rss/cnn_world/~4/T06wsf0jVGo"" height=""1"" width=""1"" alt=""""/>",http://rss.cnn.com/~r/rss/cnn_world/~3/T06wsf0jVGo/index.html,"Wed, 26 Feb 2020 12:06:36 GMT",,
This 5-year-old paid off the lunch balances for more than 100 fellow students,"A 5-year-old student at an elementary school in Vista, California, collected enough money to pay off the negative lunch balances of 123 students at her school.<div class=""feedflare"">
<a href=""http://rss.cnn.com/~ff/rss/cnn_world?a=hucZ8Lqm_jI:L8uXyrUvd48:yIl2AUoC8zA""><img src=""http://feeds.feedburner.com/~ff/rss/cnn_world?d=yIl2AUoC8zA"" border=""0""></img></a> <a href=""http://rss.cnn.com/~ff/rss/cnn_world?a=hucZ8Lqm_jI:L8uXyrUvd48:7Q72WNTAKBA""><img src=""http://feeds.feedburner.com/~ff/rss/cnn_world?d=7Q72WNTAKBA"" border=""0""></img></a> <a href=""http://rss.cnn.com/~ff/rss/cnn_world?a=hucZ8Lqm_jI:L8uXyrUvd48:V_sGLiPBpWU""><img src=""http://feeds.feedburner.com/~ff/rss/cnn_world?i=hucZ8Lqm_jI:L8uXyrUvd48:V_sGLiPBpWU"" border=""0""></img></a> <a href=""http://rss.cnn.com/~ff/rss/cnn_world?a=hucZ8Lqm_jI:L8uXyrUvd48:qj6IDK7rITs""><img src=""http://feeds.feedburner.com/~ff/rss/cnn_world?d=qj6IDK7rITs"" border=""0""></img></a> <a href=""http://rss.cnn.com/~ff/rss/cnn_world?a=hucZ8Lqm_jI:L8uXyrUvd48:gIN9vFwOqvQ""><img src=""http://feeds.feedburner.com/~ff/rss/cnn_world?i=hucZ8Lqm_jI:L8uXyrUvd48:gIN9vFwOqvQ"" border=""0""></img></a>
</div><img src=""http://feeds.feedburner.com/~r/rss/cnn_world/~4/hucZ8Lqm_jI"" height=""1"" width=""1"" alt=""""/>",http://rss.cnn.com/~r/rss/cnn_world/~3/hucZ8Lqm_jI/index.html,"Tue, 17 Dec 2019 19:49:12 GMT",,
Video shows dramatic rescue after dog's leash gets stuck in elevator,"ALT HED  Video shows man's dramatic rescue of his neighbor's dog<div class=""feedflare"">
<a href=""http://rss.cnn.com/~ff/rss/cnn_world?a=w8Oprn-MvKE:g-9XYFnL9fg:yIl2AUoC8zA""><img src=""http://feeds.feedburner.com/~ff/rss/cnn_world?d=yIl2AUoC8zA"" border=""0""></img></a> <a href=""http://rss.cnn.com/~ff/rss/cnn_world?a=w8Oprn-MvKE:g-9XYFnL9fg:7Q72WNTAKBA""><img src=""http://feeds.feedburner.com/~ff/rss/cnn_world?d=7Q72WNTAKBA"" border=""0""></img></a> <a href=""http://rss.cnn.com/~ff/rss/cnn_world?a=w8Oprn-MvKE:g-9XYFnL9fg:V_sGLiPBpWU""><img src=""http://feeds.feedburner.com/~ff/rss/cnn_world?i=w8Oprn-MvKE:g-9XYFnL9fg:V_sGLiPBpWU"" border=""0""></img></a> <a href=""http://rss.cnn.com/~ff/rss/cnn_world?a=w8Oprn-MvKE:g-9XYFnL9fg:qj6IDK7rITs""><img src=""http://feeds.feedburner.com/~ff/rss/cnn_world?d=qj6IDK7rITs"" border=""0""></img></a> <a href=""http://rss.cnn.com/~ff/rss/cnn_world?a=w8Oprn-MvKE:g-9XYFnL9fg:gIN9vFwOqvQ""><img src=""http://feeds.feedburner.com/~ff/rss/cnn_world?i=w8Oprn-MvKE:g-9XYFnL9fg:gIN9vFwOqvQ"" border=""0""></img></a>
</div><img src=""http://feeds.feedburner.com/~r/rss/cnn_world/~4/w8Oprn-MvKE"" height=""1"" width=""1"" alt=""""/>",http://rss.cnn.com/~r/rss/cnn_world/~3/w8Oprn-MvKE/index.html,"Wed, 11 Dec 2019 22:00:43 GMT",,
Her work has helped thousands of girls stay in school and finish their education,"It's something that girls and young women in western countries can't imagine: missing school, even dropping out, because of their periods.  Yet as many as half the girls in rural parts of Ethiopia miss school for reasons related to their periods -- and that can have a devastating effect on their education and the rest of their lives.<div class=""feedflare"">
<a href=""http://rss.cnn.com/~ff/rss/cnn_world?a=fkbbZuAKcjw:E-C8yRR5rds:yIl2AUoC8zA""><img src=""http://feeds.feedburner.com/~ff/rss/cnn_world?d=yIl2AUoC8zA"" border=""0""></img></a> <a href=""http://rss.cnn.com/~ff/rss/cnn_world?a=fkbbZuAKcjw:E-C8yRR5rds:7Q72WNTAKBA""><img src=""http://feeds.feedburner.com/~ff/rss/cnn_world?d=7Q72WNTAKBA"" border=""0""></img></a> <a href=""http://rss.cnn.com/~ff/rss/cnn_world?a=fkbbZuAKcjw:E-C8yRR5rds:V_sGLiPBpWU""><img src=""http://feeds.feedburner.com/~ff/rss/cnn_world?i=fkbbZuAKcjw:E-C8yRR5rds:V_sGLiPBpWU"" border=""0""></img></a> <a href=""http://rss.cnn.com/~ff/rss/cnn_world?a=fkbbZuAKcjw:E-C8yRR5rds:qj6IDK7rITs""><img src=""http://feeds.feedburner.com/~ff/rss/cnn_world?d=qj6IDK7rITs"" border=""0""></img></a> <a href=""http://rss.cnn.com/~ff/rss/cnn_world?a=fkbbZuAKcjw:E-C8yRR5rds:gIN9vFwOqvQ""><img src=""http://feeds.feedburner.com/~ff/rss/cnn_world?i=fkbbZuAKcjw:E-C8yRR5rds:gIN9vFwOqvQ"" border=""0""></img></a>
</div><img src=""http://feeds.feedburner.com/~r/rss/cnn_world/~4/fkbbZuAKcjw"" height=""1"" width=""1"" alt=""""/>",http://rss.cnn.com/~r/rss/cnn_world/~3/fkbbZuAKcjw/index.html,"Mon, 09 Dec 2019 03:34:23 GMT",,
"South Korea 'passed the peak' of outbreak, health minister hopes ","South Korea's top public health official hopes that the country has already gone through the worst of the novel coronavirus outbreak that has infected thousands inside the country.<div class=""feedflare"">
<a href=""http://rss.cnn.com/~ff/rss/cnn_world?a=tTV92yFbEiI:kEqLtRV1j1g:yIl2AUoC8zA""><img src=""http://feeds.feedburner.com/~ff/rss/cnn_world?d=yIl2AUoC8zA"" border=""0""></img></a> <a href=""http://rss.cnn.com/~ff/rss/cnn_world?a=tTV92yFbEiI:kEqLtRV1j1g:7Q72WNTAKBA""><img src=""http://feeds.feedburner.com/~ff/rss/cnn_world?d=7Q72WNTAKBA"" border=""0""></img></a> <a href=""http://rss.cnn.com/~ff/rss/cnn_world?a=tTV92yFbEiI:kEqLtRV1j1g:V_sGLiPBpWU""><img src=""http://feeds.feedburner.com/~ff/rss/cnn_world?i=tTV92yFbEiI:kEqLtRV1j1g:V_sGLiPBpWU"" border=""0""></img></a> <a href=""http://rss.cnn.com/~ff/rss/cnn_world?a=tTV92yFbEiI:kEqLtRV1j1g:qj6IDK7rITs""><img src=""http://feeds.feedburner.com/~ff/rss/cnn_world?d=qj6IDK7rITs"" border=""0""></img></a> <a href=""http://rss.cnn.com/~ff/rss/cnn_world?a=tTV92yFbEiI:kEqLtRV1j1g:gIN9vFwOqvQ""><img src=""http://feeds.feedburner.com/~ff/rss/cnn_world?i=tTV92yFbEiI:kEqLtRV1j1g:gIN9vFwOqvQ"" border=""0""></img></a>
</div><img src=""http://feeds.feedburner.com/~r/rss/cnn_world/~4/tTV92yFbEiI"" height=""1"" width=""1"" alt=""""/>",http://rss.cnn.com/~r/rss/cnn_world/~3/tTV92yFbEiI/index.html,,,
Cases grow in the US and northern Italy goes into lockdown,"The number of cases of the novel coronavirus has risen to more than 108,000 globally, with at least 27,000 cases outside of China, as the economic trauma caused by the outbreak continues to impact global share markets.<div class=""feedflare"">
<a href=""http://rss.cnn.com/~ff/rss/cnn_world?a=HCoM07qxA7E:vZO9uuziOW8:yIl2AUoC8zA""><img src=""http://feeds.feedburner.com/~ff/rss/cnn_world?d=yIl2AUoC8zA"" border=""0""></img></a> <a href=""http://rss.cnn.com/~ff/rss/cnn_world?a=HCoM07qxA7E:vZO9uuziOW8:7Q72WNTAKBA""><img src=""http://feeds.feedburner.com/~ff/rss/cnn_world?d=7Q72WNTAKBA"" border=""0""></img></a> <a href=""http://rss.cnn.com/~ff/rss/cnn_world?a=HCoM07qxA7E:vZO9uuziOW8:V_sGLiPBpWU""><img src=""http://feeds.feedburner.com/~ff/rss/cnn_world?i=HCoM07qxA7E:vZO9uuziOW8:V_sGLiPBpWU"" border=""0""></img></a> <a href=""http://rss.cnn.com/~ff/rss/cnn_world?a=HCoM07qxA7E:vZO9uuziOW8:qj6IDK7rITs""><img src=""http://feeds.feedburner.com/~ff/rss/cnn_world?d=qj6IDK7rITs"" border=""0""></img></a> <a href=""http://rss.cnn.com/~ff/rss/cnn_world?a=HCoM07qxA7E:vZO9uuziOW8:gIN9vFwOqvQ""><img src=""http://feeds.feedburner.com/~ff/rss/cnn_world?i=HCoM07qxA7E:vZO9uuziOW8:gIN9vFwOqvQ"" border=""0""></img></a>
</div><img src=""http://feeds.feedburner.com/~r/rss/cnn_world/~4/HCoM07qxA7E"" height=""1"" width=""1"" alt=""""/>",http://rss.cnn.com/~r/rss/cnn_world/~3/HCoM07qxA7E/index.html,,,
"N Korea launches 3 projectiles, South says","North Korea fired at least one unidentified projectile Monday, according to South Korea's Joint Chiefs of Staff.<div class=""feedflare"">
<a href=""http://rss.cnn.com/~ff/rss/cnn_world?a=Mk1dnHHtzfQ:lXdem-nowXE:yIl2AUoC8zA""><img src=""http://feeds.feedburner.com/~ff/rss/cnn_world?d=yIl2AUoC8zA"" border=""0""></img></a> <a href=""http://rss.cnn.com/~ff/rss/cnn_world?a=Mk1dnHHtzfQ:lXdem-nowXE:7Q72WNTAKBA""><img src=""http://feeds.feedburner.com/~ff/rss/cnn_world?d=7Q72WNTAKBA"" border=""0""></img></a> <a href=""http://rss.cnn.com/~ff/rss/cnn_world?a=Mk1dnHHtzfQ:lXdem-nowXE:V_sGLiPBpWU""><img src=""http://feeds.feedburner.com/~ff/rss/cnn_world?i=Mk1dnHHtzfQ:lXdem-nowXE:V_sGLiPBpWU"" border=""0""></img></a> <a href=""http://rss.cnn.com/~ff/rss/cnn_world?a=Mk1dnHHtzfQ:lXdem-nowXE:qj6IDK7rITs""><img src=""http://feeds.feedburner.com/~ff/rss/cnn_world?d=qj6IDK7rITs"" border=""0""></img></a> <a href=""http://rss.cnn.com/~ff/rss/cnn_world?a=Mk1dnHHtzfQ:lXdem-nowXE:gIN9vFwOqvQ""><img src=""http://feeds.feedburner.com/~ff/rss/cnn_world?i=Mk1dnHHtzfQ:lXdem-nowXE:gIN9vFwOqvQ"" border=""0""></img></a>
</div><img src=""http://feeds.feedburner.com/~r/rss/cnn_world/~4/Mk1dnHHtzfQ"" height=""1"" width=""1"" alt=""""/>",http://rss.cnn.com/~r/rss/cnn_world/~3/Mk1dnHHtzfQ/index.html,,,
The new food capital of the world,"How did Lima became one of the best culinary destinations on Earth? Gaston Acurio, arguably the chef that made it all happen in Peru, sits down over fried squid and a traditional ceviche to chew over this culinary success.<div class=""feedflare"">
<a href=""http://rss.cnn.com/~ff/rss/cnn_world?a=iogzj-Xmesg:lymQB02x064:yIl2AUoC8zA""><img src=""http://feeds.feedburner.com/~ff/rss/cnn_world?d=yIl2AUoC8zA"" border=""0""></img></a> <a href=""http://rss.cnn.com/~ff/rss/cnn_world?a=iogzj-Xmesg:lymQB02x064:7Q72WNTAKBA""><img src=""http://feeds.feedburner.com/~ff/rss/cnn_world?d=7Q72WNTAKBA"" border=""0""></img></a> <a href=""http://rss.cnn.com/~ff/rss/cnn_world?a=iogzj-Xmesg:lymQB02x064:V_sGLiPBpWU""><img src=""http://feeds.feedburner.com/~ff/rss/cnn_world?i=iogzj-Xmesg:lymQB02x064:V_sGLiPBpWU"" border=""0""></img></a> <a href=""http://rss.cnn.com/~ff/rss/cnn_world?a=iogzj-Xmesg:lymQB02x064:qj6IDK7rITs""><img src=""http://feeds.feedburner.com/~ff/rss/cnn_world?d=qj6IDK7rITs"" border=""0""></img></a> <a href=""http://rss.cnn.com/~ff/rss/cnn_world?a=iogzj-Xmesg:lymQB02x064:gIN9vFwOqvQ""><img src=""http://feeds.feedburner.com/~ff/rss/cnn_world?i=iogzj-Xmesg:lymQB02x064:gIN9vFwOqvQ"" border=""0""></img></a>
</div><img src=""http://feeds.feedburner.com/~r/rss/cnn_world/~4/iogzj-Xmesg"" height=""1"" width=""1"" alt=""""/>",http://rss.cnn.com/~r/rss/cnn_world/~3/iogzj-Xmesg/lima-new-capital-food-gastronomy-gaston-acurio-mitsuharu-tsumura-peru.cnn,,,
Dubai unveils plans for electric sky pod network,"Travelers in Dubai could soon be enjoying more scenic routes with the addition of aerial vehicles to the public transport network.<div class=""feedflare"">
<a href=""http://rss.cnn.com/~ff/rss/cnn_world?a=M34TbAIP7es:Wc1dTWmQZMs:yIl2AUoC8zA""><img src=""http://feeds.feedburner.com/~ff/rss/cnn_world?d=yIl2AUoC8zA"" border=""0""></img></a> <a href=""http://rss.cnn.com/~ff/rss/cnn_world?a=M34TbAIP7es:Wc1dTWmQZMs:7Q72WNTAKBA""><img src=""http://feeds.feedburner.com/~ff/rss/cnn_world?d=7Q72WNTAKBA"" border=""0""></img></a> <a href=""http://rss.cnn.com/~ff/rss/cnn_world?a=M34TbAIP7es:Wc1dTWmQZMs:V_sGLiPBpWU""><img src=""http://feeds.feedburner.com/~ff/rss/cnn_world?i=M34TbAIP7es:Wc1dTWmQZMs:V_sGLiPBpWU"" border=""0""></img></a> <a href=""http://rss.cnn.com/~ff/rss/cnn_world?a=M34TbAIP7es:Wc1dTWmQZMs:qj6IDK7rITs""><img src=""http://feeds.feedburner.com/~ff/rss/cnn_world?d=qj6IDK7rITs"" border=""0""></img></a> <a href=""http://rss.cnn.com/~ff/rss/cnn_world?a=M34TbAIP7es:Wc1dTWmQZMs:gIN9vFwOqvQ""><img src=""http://feeds.feedburner.com/~ff/rss/cnn_world?i=M34TbAIP7es:Wc1dTWmQZMs:gIN9vFwOqvQ"" border=""0""></img></a>
</div><img src=""http://feeds.feedburner.com/~r/rss/cnn_world/~4/M34TbAIP7es"" height=""1"" width=""1"" alt=""""/>",http://rss.cnn.com/~r/rss/cnn_world/~3/M34TbAIP7es/index.html,,,
'It's crazy': Panic buying forces stores to limit purchases of toilet paper and masks,"Rationing supplies. Overwhelmed delivery workers. Toilet paper protected by security guards.<div class=""feedflare"">
<a href=""http://rss.cnn.com/~ff/rss/cnn_world?a=1zqxYaVXioE:DyPbtqtcvyU:yIl2AUoC8zA""><img src=""http://feeds.feedburner.com/~ff/rss/cnn_world?d=yIl2AUoC8zA"" border=""0""></img></a> <a href=""http://rss.cnn.com/~ff/rss/cnn_world?a=1zqxYaVXioE:DyPbtqtcvyU:7Q72WNTAKBA""><img src=""http://feeds.feedburner.com/~ff/rss/cnn_world?d=7Q72WNTAKBA"" border=""0""></img></a> <a href=""http://rss.cnn.com/~ff/rss/cnn_world?a=1zqxYaVXioE:DyPbtqtcvyU:V_sGLiPBpWU""><img src=""http://feeds.feedburner.com/~ff/rss/cnn_world?i=1zqxYaVXioE:DyPbtqtcvyU:V_sGLiPBpWU"" border=""0""></img></a> <a href=""http://rss.cnn.com/~ff/rss/cnn_world?a=1zqxYaVXioE:DyPbtqtcvyU:qj6IDK7rITs""><img src=""http://feeds.feedburner.com/~ff/rss/cnn_world?d=qj6IDK7rITs"" border=""0""></img></a> <a href=""http://rss.cnn.com/~ff/rss/cnn_world?a=1zqxYaVXioE:DyPbtqtcvyU:gIN9vFwOqvQ""><img src=""http://feeds.feedburner.com/~ff/rss/cnn_world?i=1zqxYaVXioE:DyPbtqtcvyU:gIN9vFwOqvQ"" border=""0""></img></a>
</div><img src=""http://feeds.feedburner.com/~r/rss/cnn_world/~4/1zqxYaVXioE"" height=""1"" width=""1"" alt=""""/>",http://rss.cnn.com/~r/rss/cnn_world/~3/1zqxYaVXioE/index.html,,,
Dirty money: The case against using cash right now,"The ongoing spread of coronavirus is forcing institutions around the world to rethink one particularly germy surface that most consumers touch every day: cash.<div class=""feedflare"">
<a href=""http://rss.cnn.com/~ff/rss/cnn_world?a=5bx44WW2PCA:V2l8fcjO3J0:yIl2AUoC8zA""><img src=""http://feeds.feedburner.com/~ff/rss/cnn_world?d=yIl2AUoC8zA"" border=""0""></img></a> <a href=""http://rss.cnn.com/~ff/rss/cnn_world?a=5bx44WW2PCA:V2l8fcjO3J0:7Q72WNTAKBA""><img src=""http://feeds.feedburner.com/~ff/rss/cnn_world?d=7Q72WNTAKBA"" border=""0""></img></a> <a href=""http://rss.cnn.com/~ff/rss/cnn_world?a=5bx44WW2PCA:V2l8fcjO3J0:V_sGLiPBpWU""><img src=""http://feeds.feedburner.com/~ff/rss/cnn_world?i=5bx44WW2PCA:V2l8fcjO3J0:V_sGLiPBpWU"" border=""0""></img></a> <a href=""http://rss.cnn.com/~ff/rss/cnn_world?a=5bx44WW2PCA:V2l8fcjO3J0:qj6IDK7rITs""><img src=""http://feeds.feedburner.com/~ff/rss/cnn_world?d=qj6IDK7rITs"" border=""0""></img></a> <a href=""http://rss.cnn.com/~ff/rss/cnn_world?a=5bx44WW2PCA:V2l8fcjO3J0:gIN9vFwOqvQ""><img src=""http://feeds.feedburner.com/~ff/rss/cnn_world?i=5bx44WW2PCA:V2l8fcjO3J0:gIN9vFwOqvQ"" border=""0""></img></a>
</div><img src=""http://feeds.feedburner.com/~r/rss/cnn_world/~4/5bx44WW2PCA"" height=""1"" width=""1"" alt=""""/>",http://rss.cnn.com/~r/rss/cnn_world/~3/5bx44WW2PCA/index.html,,,
"Nintendo Playstation sold for $360,000 to original owner of Pets.com","One of last known copies of a video game console that never came to market, the Nintendo Play Station, sold for $360,000 at auction.<div class=""feedflare"">
<a href=""http://rss.cnn.com/~ff/rss/cnn_world?a=fzw2xaAVvMw:ORb4JLZ4dNs:yIl2AUoC8zA""><img src=""http://feeds.feedburner.com/~ff/rss/cnn_world?d=yIl2AUoC8zA"" border=""0""></img></a> <a href=""http://rss.cnn.com/~ff/rss/cnn_world?a=fzw2xaAVvMw:ORb4JLZ4dNs:7Q72WNTAKBA""><img src=""http://feeds.feedburner.com/~ff/rss/cnn_world?d=7Q72WNTAKBA"" border=""0""></img></a> <a href=""http://rss.cnn.com/~ff/rss/cnn_world?a=fzw2xaAVvMw:ORb4JLZ4dNs:V_sGLiPBpWU""><img src=""http://feeds.feedburner.com/~ff/rss/cnn_world?i=fzw2xaAVvMw:ORb4JLZ4dNs:V_sGLiPBpWU"" border=""0""></img></a> <a href=""http://rss.cnn.com/~ff/rss/cnn_world?a=fzw2xaAVvMw:ORb4JLZ4dNs:qj6IDK7rITs""><img src=""http://feeds.feedburner.com/~ff/rss/cnn_world?d=qj6IDK7rITs"" border=""0""></img></a> <a href=""http://rss.cnn.com/~ff/rss/cnn_world?a=fzw2xaAVvMw:ORb4JLZ4dNs:gIN9vFwOqvQ""><img src=""http://feeds.feedburner.com/~ff/rss/cnn_world?i=fzw2xaAVvMw:ORb4JLZ4dNs:gIN9vFwOqvQ"" border=""0""></img></a>
</div><img src=""http://feeds.feedburner.com/~r/rss/cnn_world/~4/fzw2xaAVvMw"" height=""1"" width=""1"" alt=""""/>",http://rss.cnn.com/~r/rss/cnn_world/~3/fzw2xaAVvMw/index.html,,,
Elon Musk's brother wants to transform farming,"Plant-based foods are all the rage right now, and vertical farms are capitalizing on the trend.<div class=""feedflare"">
<a href=""http://rss.cnn.com/~ff/rss/cnn_world?a=3g0-behwUIA:HwWcIQhPlzo:yIl2AUoC8zA""><img src=""http://feeds.feedburner.com/~ff/rss/cnn_world?d=yIl2AUoC8zA"" border=""0""></img></a> <a href=""http://rss.cnn.com/~ff/rss/cnn_world?a=3g0-behwUIA:HwWcIQhPlzo:7Q72WNTAKBA""><img src=""http://feeds.feedburner.com/~ff/rss/cnn_world?d=7Q72WNTAKBA"" border=""0""></img></a> <a href=""http://rss.cnn.com/~ff/rss/cnn_world?a=3g0-behwUIA:HwWcIQhPlzo:V_sGLiPBpWU""><img src=""http://feeds.feedburner.com/~ff/rss/cnn_world?i=3g0-behwUIA:HwWcIQhPlzo:V_sGLiPBpWU"" border=""0""></img></a> <a href=""http://rss.cnn.com/~ff/rss/cnn_world?a=3g0-behwUIA:HwWcIQhPlzo:qj6IDK7rITs""><img src=""http://feeds.feedburner.com/~ff/rss/cnn_world?d=qj6IDK7rITs"" border=""0""></img></a> <a href=""http://rss.cnn.com/~ff/rss/cnn_world?a=3g0-behwUIA:HwWcIQhPlzo:gIN9vFwOqvQ""><img src=""http://feeds.feedburner.com/~ff/rss/cnn_world?i=3g0-behwUIA:HwWcIQhPlzo:gIN9vFwOqvQ"" border=""0""></img></a>
</div><img src=""http://feeds.feedburner.com/~r/rss/cnn_world/~4/3g0-behwUIA"" height=""1"" width=""1"" alt=""""/>",http://rss.cnn.com/~r/rss/cnn_world/~3/3g0-behwUIA/index.html,,,
'Flying cellphone towers' are bringing internet to remote areas,"Tech giants including Google and Facebook have spent years trying to figure out how to bring the internet to billions of people who still lack a reliable connection. Now, an American startup has come up with its own plan.<div class=""feedflare"">
<a href=""http://rss.cnn.com/~ff/rss/cnn_world?a=6hgFv43Flnk:cggatkWfPyI:yIl2AUoC8zA""><img src=""http://feeds.feedburner.com/~ff/rss/cnn_world?d=yIl2AUoC8zA"" border=""0""></img></a> <a href=""http://rss.cnn.com/~ff/rss/cnn_world?a=6hgFv43Flnk:cggatkWfPyI:7Q72WNTAKBA""><img src=""http://feeds.feedburner.com/~ff/rss/cnn_world?d=7Q72WNTAKBA"" border=""0""></img></a> <a href=""http://rss.cnn.com/~ff/rss/cnn_world?a=6hgFv43Flnk:cggatkWfPyI:V_sGLiPBpWU""><img src=""http://feeds.feedburner.com/~ff/rss/cnn_world?i=6hgFv43Flnk:cggatkWfPyI:V_sGLiPBpWU"" border=""0""></img></a> <a href=""http://rss.cnn.com/~ff/rss/cnn_world?a=6hgFv43Flnk:cggatkWfPyI:qj6IDK7rITs""><img src=""http://feeds.feedburner.com/~ff/rss/cnn_world?d=qj6IDK7rITs"" border=""0""></img></a> <a href=""http://rss.cnn.com/~ff/rss/cnn_world?a=6hgFv43Flnk:cggatkWfPyI:gIN9vFwOqvQ""><img src=""http://feeds.feedburner.com/~ff/rss/cnn_world?i=6hgFv43Flnk:cggatkWfPyI:gIN9vFwOqvQ"" border=""0""></img></a>
</div><img src=""http://feeds.feedburner.com/~r/rss/cnn_world/~4/6hgFv43Flnk"" height=""1"" width=""1"" alt=""""/>",http://rss.cnn.com/~r/rss/cnn_world/~3/6hgFv43Flnk/index.html,,,
US cities are losing 36 million trees a year. Here's why it matters ,"If you're looking for a reason to care about tree loss, the nation's latest heat wave might be it.  Trees can lower summer daytime temperatures by as much as 10 degrees Fahrenheit, according to a recent study.<div class=""feedflare"">
<a href=""http://rss.cnn.com/~ff/rss/cnn_world?a=KlnsnygiAw8:rKKNDkmW6Uw:yIl2AUoC8zA""><img src=""http://feeds.feedburner.com/~ff/rss/cnn_world?d=yIl2AUoC8zA"" border=""0""></img></a> <a href=""http://rss.cnn.com/~ff/rss/cnn_world?a=KlnsnygiAw8:rKKNDkmW6Uw:7Q72WNTAKBA""><img src=""http://feeds.feedburner.com/~ff/rss/cnn_world?d=7Q72WNTAKBA"" border=""0""></img></a> <a href=""http://rss.cnn.com/~ff/rss/cnn_world?a=KlnsnygiAw8:rKKNDkmW6Uw:V_sGLiPBpWU""><img src=""http://feeds.feedburner.com/~ff/rss/cnn_world?i=KlnsnygiAw8:rKKNDkmW6Uw:V_sGLiPBpWU"" border=""0""></img></a> <a href=""http://rss.cnn.com/~ff/rss/cnn_world?a=KlnsnygiAw8:rKKNDkmW6Uw:qj6IDK7rITs""><img src=""http://feeds.feedburner.com/~ff/rss/cnn_world?d=qj6IDK7rITs"" border=""0""></img></a> <a href=""http://rss.cnn.com/~ff/rss/cnn_world?a=KlnsnygiAw8:rKKNDkmW6Uw:gIN9vFwOqvQ""><img src=""http://feeds.feedburner.com/~ff/rss/cnn_world?i=KlnsnygiAw8:rKKNDkmW6Uw:gIN9vFwOqvQ"" border=""0""></img></a>
</div><img src=""http://feeds.feedburner.com/~r/rss/cnn_world/~4/KlnsnygiAw8"" height=""1"" width=""1"" alt=""""/>",http://rss.cnn.com/~r/rss/cnn_world/~3/KlnsnygiAw8/index.html,,,
Miami's Little Haiti wasn't a target for developers. Until the seas started to rise,"<div class=""feedflare"">
<a href=""http://rss.cnn.com/~ff/rss/cnn_world?a=pbQjkbD_bFk:cxD8ILcewHg:yIl2AUoC8zA""><img src=""http://feeds.feedburner.com/~ff/rss/cnn_world?d=yIl2AUoC8zA"" border=""0""></img></a> <a href=""http://rss.cnn.com/~ff/rss/cnn_world?a=pbQjkbD_bFk:cxD8ILcewHg:7Q72WNTAKBA""><img src=""http://feeds.feedburner.com/~ff/rss/cnn_world?d=7Q72WNTAKBA"" border=""0""></img></a> <a href=""http://rss.cnn.com/~ff/rss/cnn_world?a=pbQjkbD_bFk:cxD8ILcewHg:V_sGLiPBpWU""><img src=""http://feeds.feedburner.com/~ff/rss/cnn_world?i=pbQjkbD_bFk:cxD8ILcewHg:V_sGLiPBpWU"" border=""0""></img></a> <a href=""http://rss.cnn.com/~ff/rss/cnn_world?a=pbQjkbD_bFk:cxD8ILcewHg:qj6IDK7rITs""><img src=""http://feeds.feedburner.com/~ff/rss/cnn_world?d=qj6IDK7rITs"" border=""0""></img></a> <a href=""http://rss.cnn.com/~ff/rss/cnn_world?a=pbQjkbD_bFk:cxD8ILcewHg:gIN9vFwOqvQ""><img src=""http://feeds.feedburner.com/~ff/rss/cnn_world?i=pbQjkbD_bFk:cxD8ILcewHg:gIN9vFwOqvQ"" border=""0""></img></a>
</div><img src=""http://feeds.feedburner.com/~r/rss/cnn_world/~4/pbQjkbD_bFk"" height=""1"" width=""1"" alt=""""/>",http://rss.cnn.com/~r/rss/cnn_world/~3/pbQjkbD_bFk/index.html,,,
How rich people could help save the planet from the climate crisis,"Rich people don't just have bigger bank balances and more lavish lifestyles than the rest of us -- they also have bigger carbon footprints.<div class=""feedflare"">
<a href=""http://rss.cnn.com/~ff/rss/cnn_world?a=Pa_SMoc1110:WRxCgHfOCwY:yIl2AUoC8zA""><img src=""http://feeds.feedburner.com/~ff/rss/cnn_world?d=yIl2AUoC8zA"" border=""0""></img></a> <a href=""http://rss.cnn.com/~ff/rss/cnn_world?a=Pa_SMoc1110:WRxCgHfOCwY:7Q72WNTAKBA""><img src=""http://feeds.feedburner.com/~ff/rss/cnn_world?d=7Q72WNTAKBA"" border=""0""></img></a> <a href=""http://rss.cnn.com/~ff/rss/cnn_world?a=Pa_SMoc1110:WRxCgHfOCwY:V_sGLiPBpWU""><img src=""http://feeds.feedburner.com/~ff/rss/cnn_world?i=Pa_SMoc1110:WRxCgHfOCwY:V_sGLiPBpWU"" border=""0""></img></a> <a href=""http://rss.cnn.com/~ff/rss/cnn_world?a=Pa_SMoc1110:WRxCgHfOCwY:qj6IDK7rITs""><img src=""http://feeds.feedburner.com/~ff/rss/cnn_world?d=qj6IDK7rITs"" border=""0""></img></a> <a href=""http://rss.cnn.com/~ff/rss/cnn_world?a=Pa_SMoc1110:WRxCgHfOCwY:gIN9vFwOqvQ""><img src=""http://feeds.feedburner.com/~ff/rss/cnn_world?i=Pa_SMoc1110:WRxCgHfOCwY:gIN9vFwOqvQ"" border=""0""></img></a>
</div><img src=""http://feeds.feedburner.com/~r/rss/cnn_world/~4/Pa_SMoc1110"" height=""1"" width=""1"" alt=""""/>",http://rss.cnn.com/~r/rss/cnn_world/~3/Pa_SMoc1110/index.html,,,
"'Beauty is complicated,' says provocative photographer","Beauty is often thought of in relation to fashion and femininity. Its construct in pop culture is something that I've always tried to work with in different ways in relation to my work as a photographer. Beauty is complicated; it's an individual response to how we live our lives -- but it can also encompass kindness and compassion.<div class=""feedflare"">
<a href=""http://rss.cnn.com/~ff/rss/cnn_world?a=e-l7qZ0glHQ:FXC9VHS-PK4:yIl2AUoC8zA""><img src=""http://feeds.feedburner.com/~ff/rss/cnn_world?d=yIl2AUoC8zA"" border=""0""></img></a> <a href=""http://rss.cnn.com/~ff/rss/cnn_world?a=e-l7qZ0glHQ:FXC9VHS-PK4:7Q72WNTAKBA""><img src=""http://feeds.feedburner.com/~ff/rss/cnn_world?d=7Q72WNTAKBA"" border=""0""></img></a> <a href=""http://rss.cnn.com/~ff/rss/cnn_world?a=e-l7qZ0glHQ:FXC9VHS-PK4:V_sGLiPBpWU""><img src=""http://feeds.feedburner.com/~ff/rss/cnn_world?i=e-l7qZ0glHQ:FXC9VHS-PK4:V_sGLiPBpWU"" border=""0""></img></a> <a href=""http://rss.cnn.com/~ff/rss/cnn_world?a=e-l7qZ0glHQ:FXC9VHS-PK4:qj6IDK7rITs""><img src=""http://feeds.feedburner.com/~ff/rss/cnn_world?d=qj6IDK7rITs"" border=""0""></img></a> <a href=""http://rss.cnn.com/~ff/rss/cnn_world?a=e-l7qZ0glHQ:FXC9VHS-PK4:gIN9vFwOqvQ""><img src=""http://feeds.feedburner.com/~ff/rss/cnn_world?i=e-l7qZ0glHQ:FXC9VHS-PK4:gIN9vFwOqvQ"" border=""0""></img></a>
</div><img src=""http://feeds.feedburner.com/~r/rss/cnn_world/~4/e-l7qZ0glHQ"" height=""1"" width=""1"" alt=""""/>",http://rss.cnn.com/~r/rss/cnn_world/~3/e-l7qZ0glHQ/index.html,,,
What the kimono's wide-reaching influence tells us about cultural appropriation,"Recently, the conversation around cultural appropriation in fashion has been unavoidable.  Headline-grabbing examples of questionable borrowing abound: In January, fashion house Comme des Gar√ßons was lambasted for sending predominantly white models down the runway in cornrow wigs, while last October, country singer Kacey Musgraves received online backlash when she posted sexy photos of herself wearing a traditional Vietnamese ao dai dress on Instagram. And just last week, Kim Kardashian was once again accused of appropriating black women's hairstyles by wearing braids at Paris Fashion Week.<div class=""feedflare"">
<a href=""http://rss.cnn.com/~ff/rss/cnn_world?a=Otvt8Cf-Ftw:Jb5Ku-pQOxQ:yIl2AUoC8zA""><img src=""http://feeds.feedburner.com/~ff/rss/cnn_world?d=yIl2AUoC8zA"" border=""0""></img></a> <a href=""http://rss.cnn.com/~ff/rss/cnn_world?a=Otvt8Cf-Ftw:Jb5Ku-pQOxQ:7Q72WNTAKBA""><img src=""http://feeds.feedburner.com/~ff/rss/cnn_world?d=7Q72WNTAKBA"" border=""0""></img></a> <a href=""http://rss.cnn.com/~ff/rss/cnn_world?a=Otvt8Cf-Ftw:Jb5Ku-pQOxQ:V_sGLiPBpWU""><img src=""http://feeds.feedburner.com/~ff/rss/cnn_world?i=Otvt8Cf-Ftw:Jb5Ku-pQOxQ:V_sGLiPBpWU"" border=""0""></img></a> <a href=""http://rss.cnn.com/~ff/rss/cnn_world?a=Otvt8Cf-Ftw:Jb5Ku-pQOxQ:qj6IDK7rITs""><img src=""http://feeds.feedburner.com/~ff/rss/cnn_world?d=qj6IDK7rITs"" border=""0""></img></a> <a href=""http://rss.cnn.com/~ff/rss/cnn_world?a=Otvt8Cf-Ftw:Jb5Ku-pQOxQ:gIN9vFwOqvQ""><img src=""http://feeds.feedburner.com/~ff/rss/cnn_world?i=Otvt8Cf-Ftw:Jb5Ku-pQOxQ:gIN9vFwOqvQ"" border=""0""></img></a>
</div><img src=""http://feeds.feedburner.com/~r/rss/cnn_world/~4/Otvt8Cf-Ftw"" height=""1"" width=""1"" alt=""""/>",http://rss.cnn.com/~r/rss/cnn_world/~3/Otvt8Cf-Ftw/index.html,,,
Highlights from Paris Fashion Week,"Paris Fashion Week wasn't just about celebrating new looks this season. Coronavirus fears loomed large for visitors in the French capital -- the last stop in a series of Fashion Weeks that kicked off in New York nearly a month ago. Many of the crowd had arrived straight off the back of Milan Fashion Week, where cases of COVID-19 continue to surge.<div class=""feedflare"">
<a href=""http://rss.cnn.com/~ff/rss/cnn_world?a=5CXpZtq-vBs:bVkTVEfUlRE:yIl2AUoC8zA""><img src=""http://feeds.feedburner.com/~ff/rss/cnn_world?d=yIl2AUoC8zA"" border=""0""></img></a> <a href=""http://rss.cnn.com/~ff/rss/cnn_world?a=5CXpZtq-vBs:bVkTVEfUlRE:7Q72WNTAKBA""><img src=""http://feeds.feedburner.com/~ff/rss/cnn_world?d=7Q72WNTAKBA"" border=""0""></img></a> <a href=""http://rss.cnn.com/~ff/rss/cnn_world?a=5CXpZtq-vBs:bVkTVEfUlRE:V_sGLiPBpWU""><img src=""http://feeds.feedburner.com/~ff/rss/cnn_world?i=5CXpZtq-vBs:bVkTVEfUlRE:V_sGLiPBpWU"" border=""0""></img></a> <a href=""http://rss.cnn.com/~ff/rss/cnn_world?a=5CXpZtq-vBs:bVkTVEfUlRE:qj6IDK7rITs""><img src=""http://feeds.feedburner.com/~ff/rss/cnn_world?d=qj6IDK7rITs"" border=""0""></img></a> <a href=""http://rss.cnn.com/~ff/rss/cnn_world?a=5CXpZtq-vBs:bVkTVEfUlRE:gIN9vFwOqvQ""><img src=""http://feeds.feedburner.com/~ff/rss/cnn_world?i=5CXpZtq-vBs:bVkTVEfUlRE:gIN9vFwOqvQ"" border=""0""></img></a>
</div><img src=""http://feeds.feedburner.com/~r/rss/cnn_world/~4/5CXpZtq-vBs"" height=""1"" width=""1"" alt=""""/>",http://rss.cnn.com/~r/rss/cnn_world/~3/5CXpZtq-vBs/index.html,,,
Why what we look like matters more than ever,"The modern-day mirror was invented by German chemist Justus von Liebig in 1835. While there had previously been means to catch a glimpse of oneself, this was the first time in history that people could see a vivid and detailed reflection of their physical identity.<div class=""feedflare"">
<a href=""http://rss.cnn.com/~ff/rss/cnn_world?a=Rx6wQjibIyk:EALjzqnBRTA:yIl2AUoC8zA""><img src=""http://feeds.feedburner.com/~ff/rss/cnn_world?d=yIl2AUoC8zA"" border=""0""></img></a> <a href=""http://rss.cnn.com/~ff/rss/cnn_world?a=Rx6wQjibIyk:EALjzqnBRTA:7Q72WNTAKBA""><img src=""http://feeds.feedburner.com/~ff/rss/cnn_world?d=7Q72WNTAKBA"" border=""0""></img></a> <a href=""http://rss.cnn.com/~ff/rss/cnn_world?a=Rx6wQjibIyk:EALjzqnBRTA:V_sGLiPBpWU""><img src=""http://feeds.feedburner.com/~ff/rss/cnn_world?i=Rx6wQjibIyk:EALjzqnBRTA:V_sGLiPBpWU"" border=""0""></img></a> <a href=""http://rss.cnn.com/~ff/rss/cnn_world?a=Rx6wQjibIyk:EALjzqnBRTA:qj6IDK7rITs""><img src=""http://feeds.feedburner.com/~ff/rss/cnn_world?d=qj6IDK7rITs"" border=""0""></img></a> <a href=""http://rss.cnn.com/~ff/rss/cnn_world?a=Rx6wQjibIyk:EALjzqnBRTA:gIN9vFwOqvQ""><img src=""http://feeds.feedburner.com/~ff/rss/cnn_world?i=Rx6wQjibIyk:EALjzqnBRTA:gIN9vFwOqvQ"" border=""0""></img></a>
</div><img src=""http://feeds.feedburner.com/~r/rss/cnn_world/~4/Rx6wQjibIyk"" height=""1"" width=""1"" alt=""""/>",http://rss.cnn.com/~r/rss/cnn_world/~3/Rx6wQjibIyk/index.html,,,
How the 1% are preparing for the apocalypse,"Say ""doomsday bunker"" and most people would imagine a concrete room filled with cots and canned goods.<div class=""feedflare"">
<a href=""http://rss.cnn.com/~ff/rss/cnn_world?a=-rJZjtFN7FY:C6UAoZzknQQ:yIl2AUoC8zA""><img src=""http://feeds.feedburner.com/~ff/rss/cnn_world?d=yIl2AUoC8zA"" border=""0""></img></a> <a href=""http://rss.cnn.com/~ff/rss/cnn_world?a=-rJZjtFN7FY:C6UAoZzknQQ:7Q72WNTAKBA""><img src=""http://feeds.feedburner.com/~ff/rss/cnn_world?d=7Q72WNTAKBA"" border=""0""></img></a> <a href=""http://rss.cnn.com/~ff/rss/cnn_world?a=-rJZjtFN7FY:C6UAoZzknQQ:V_sGLiPBpWU""><img src=""http://feeds.feedburner.com/~ff/rss/cnn_world?i=-rJZjtFN7FY:C6UAoZzknQQ:V_sGLiPBpWU"" border=""0""></img></a> <a href=""http://rss.cnn.com/~ff/rss/cnn_world?a=-rJZjtFN7FY:C6UAoZzknQQ:qj6IDK7rITs""><img src=""http://feeds.feedburner.com/~ff/rss/cnn_world?d=qj6IDK7rITs"" border=""0""></img></a> <a href=""http://rss.cnn.com/~ff/rss/cnn_world?a=-rJZjtFN7FY:C6UAoZzknQQ:gIN9vFwOqvQ""><img src=""http://feeds.feedburner.com/~ff/rss/cnn_world?i=-rJZjtFN7FY:C6UAoZzknQQ:gIN9vFwOqvQ"" border=""0""></img></a>
</div><img src=""http://feeds.feedburner.com/~r/rss/cnn_world/~4/-rJZjtFN7FY"" height=""1"" width=""1"" alt=""""/>",http://rss.cnn.com/~r/rss/cnn_world/~3/-rJZjtFN7FY/index.html,,,
"Empowering, alluring or degenerate? The evolution of red lipstick ","In 1912 thousands of suffragettes marched past the New York salon of Elizabeth Arden. The cosmetics brand founder, who had just opened her business two years earlier, was a supporter of women's rights, and she aligned herself with the cause by handing out tubes of bright red lipstick to the marching women.<div class=""feedflare"">
<a href=""http://rss.cnn.com/~ff/rss/cnn_world?a=m70JYyjSCmw:2tdAasksuCM:yIl2AUoC8zA""><img src=""http://feeds.feedburner.com/~ff/rss/cnn_world?d=yIl2AUoC8zA"" border=""0""></img></a> <a href=""http://rss.cnn.com/~ff/rss/cnn_world?a=m70JYyjSCmw:2tdAasksuCM:7Q72WNTAKBA""><img src=""http://feeds.feedburner.com/~ff/rss/cnn_world?d=7Q72WNTAKBA"" border=""0""></img></a> <a href=""http://rss.cnn.com/~ff/rss/cnn_world?a=m70JYyjSCmw:2tdAasksuCM:V_sGLiPBpWU""><img src=""http://feeds.feedburner.com/~ff/rss/cnn_world?i=m70JYyjSCmw:2tdAasksuCM:V_sGLiPBpWU"" border=""0""></img></a> <a href=""http://rss.cnn.com/~ff/rss/cnn_world?a=m70JYyjSCmw:2tdAasksuCM:qj6IDK7rITs""><img src=""http://feeds.feedburner.com/~ff/rss/cnn_world?d=qj6IDK7rITs"" border=""0""></img></a> <a href=""http://rss.cnn.com/~ff/rss/cnn_world?a=m70JYyjSCmw:2tdAasksuCM:gIN9vFwOqvQ""><img src=""http://feeds.feedburner.com/~ff/rss/cnn_world?i=m70JYyjSCmw:2tdAasksuCM:gIN9vFwOqvQ"" border=""0""></img></a>
</div><img src=""http://feeds.feedburner.com/~r/rss/cnn_world/~4/m70JYyjSCmw"" height=""1"" width=""1"" alt=""""/>",http://rss.cnn.com/~r/rss/cnn_world/~3/m70JYyjSCmw/index.html,,,
Why the last man standing on the coronavirus cruise ship never gave up,"His ship may have been to hell and back, becoming a floating coronavirus-infected prison for passengers quarantined at port in Japan, but when the captain of the Diamond Princess cruise ship became the last person aboard to finally step onto dry land, he looked entirely unruffled by the experience.<div class=""feedflare"">
<a href=""http://rss.cnn.com/~ff/rss/cnn_world?a=QwZYmjfEvH0:Tv2kcH9bxK8:yIl2AUoC8zA""><img src=""http://feeds.feedburner.com/~ff/rss/cnn_world?d=yIl2AUoC8zA"" border=""0""></img></a> <a href=""http://rss.cnn.com/~ff/rss/cnn_world?a=QwZYmjfEvH0:Tv2kcH9bxK8:7Q72WNTAKBA""><img src=""http://feeds.feedburner.com/~ff/rss/cnn_world?d=7Q72WNTAKBA"" border=""0""></img></a> <a href=""http://rss.cnn.com/~ff/rss/cnn_world?a=QwZYmjfEvH0:Tv2kcH9bxK8:V_sGLiPBpWU""><img src=""http://feeds.feedburner.com/~ff/rss/cnn_world?i=QwZYmjfEvH0:Tv2kcH9bxK8:V_sGLiPBpWU"" border=""0""></img></a> <a href=""http://rss.cnn.com/~ff/rss/cnn_world?a=QwZYmjfEvH0:Tv2kcH9bxK8:qj6IDK7rITs""><img src=""http://feeds.feedburner.com/~ff/rss/cnn_world?d=qj6IDK7rITs"" border=""0""></img></a> <a href=""http://rss.cnn.com/~ff/rss/cnn_world?a=QwZYmjfEvH0:Tv2kcH9bxK8:gIN9vFwOqvQ""><img src=""http://feeds.feedburner.com/~ff/rss/cnn_world?i=QwZYmjfEvH0:Tv2kcH9bxK8:gIN9vFwOqvQ"" border=""0""></img></a>
</div><img src=""http://feeds.feedburner.com/~r/rss/cnn_world/~4/QwZYmjfEvH0"" height=""1"" width=""1"" alt=""""/>",http://rss.cnn.com/~r/rss/cnn_world/~3/QwZYmjfEvH0/index.html,,,
Why do Olympic parks keep being abandoned?,"At the forefront of the photo, a diver leaps into azure Spanish skies, arching her body into a streamlined curve.<div class=""feedflare"">
<a href=""http://rss.cnn.com/~ff/rss/cnn_world?a=KyyFiWbq_BY:9nHEoYRFRIw:yIl2AUoC8zA""><img src=""http://feeds.feedburner.com/~ff/rss/cnn_world?d=yIl2AUoC8zA"" border=""0""></img></a> <a href=""http://rss.cnn.com/~ff/rss/cnn_world?a=KyyFiWbq_BY:9nHEoYRFRIw:7Q72WNTAKBA""><img src=""http://feeds.feedburner.com/~ff/rss/cnn_world?d=7Q72WNTAKBA"" border=""0""></img></a> <a href=""http://rss.cnn.com/~ff/rss/cnn_world?a=KyyFiWbq_BY:9nHEoYRFRIw:V_sGLiPBpWU""><img src=""http://feeds.feedburner.com/~ff/rss/cnn_world?i=KyyFiWbq_BY:9nHEoYRFRIw:V_sGLiPBpWU"" border=""0""></img></a> <a href=""http://rss.cnn.com/~ff/rss/cnn_world?a=KyyFiWbq_BY:9nHEoYRFRIw:qj6IDK7rITs""><img src=""http://feeds.feedburner.com/~ff/rss/cnn_world?d=qj6IDK7rITs"" border=""0""></img></a> <a href=""http://rss.cnn.com/~ff/rss/cnn_world?a=KyyFiWbq_BY:9nHEoYRFRIw:gIN9vFwOqvQ""><img src=""http://feeds.feedburner.com/~ff/rss/cnn_world?i=KyyFiWbq_BY:9nHEoYRFRIw:gIN9vFwOqvQ"" border=""0""></img></a>
</div><img src=""http://feeds.feedburner.com/~r/rss/cnn_world/~4/KyyFiWbq_BY"" height=""1"" width=""1"" alt=""""/>",http://rss.cnn.com/~r/rss/cnn_world/~3/KyyFiWbq_BY/index.html,,,
The best travel photos of 2020 so far,"A cable car rides through the sky over Kathmandu Valley.<div class=""feedflare"">
<a href=""http://rss.cnn.com/~ff/rss/cnn_world?a=Yo6LDhYwzvY:mW85Xy3xI_4:yIl2AUoC8zA""><img src=""http://feeds.feedburner.com/~ff/rss/cnn_world?d=yIl2AUoC8zA"" border=""0""></img></a> <a href=""http://rss.cnn.com/~ff/rss/cnn_world?a=Yo6LDhYwzvY:mW85Xy3xI_4:7Q72WNTAKBA""><img src=""http://feeds.feedburner.com/~ff/rss/cnn_world?d=7Q72WNTAKBA"" border=""0""></img></a> <a href=""http://rss.cnn.com/~ff/rss/cnn_world?a=Yo6LDhYwzvY:mW85Xy3xI_4:V_sGLiPBpWU""><img src=""http://feeds.feedburner.com/~ff/rss/cnn_world?i=Yo6LDhYwzvY:mW85Xy3xI_4:V_sGLiPBpWU"" border=""0""></img></a> <a href=""http://rss.cnn.com/~ff/rss/cnn_world?a=Yo6LDhYwzvY:mW85Xy3xI_4:qj6IDK7rITs""><img src=""http://feeds.feedburner.com/~ff/rss/cnn_world?d=qj6IDK7rITs"" border=""0""></img></a> <a href=""http://rss.cnn.com/~ff/rss/cnn_world?a=Yo6LDhYwzvY:mW85Xy3xI_4:gIN9vFwOqvQ""><img src=""http://feeds.feedburner.com/~ff/rss/cnn_world?i=Yo6LDhYwzvY:mW85Xy3xI_4:gIN9vFwOqvQ"" border=""0""></img></a>
</div><img src=""http://feeds.feedburner.com/~r/rss/cnn_world/~4/Yo6LDhYwzvY"" height=""1"" width=""1"" alt=""""/>",http://rss.cnn.com/~r/rss/cnn_world/~3/Yo6LDhYwzvY/index.html,,,
The world's most powerful passport ,"The world's most powerful passport just got a makeover.<div class=""feedflare"">
<a href=""http://rss.cnn.com/~ff/rss/cnn_world?a=MCtgVkdifZo:2prrW2xNywM:yIl2AUoC8zA""><img src=""http://feeds.feedburner.com/~ff/rss/cnn_world?d=yIl2AUoC8zA"" border=""0""></img></a> <a href=""http://rss.cnn.com/~ff/rss/cnn_world?a=MCtgVkdifZo:2prrW2xNywM:7Q72WNTAKBA""><img src=""http://feeds.feedburner.com/~ff/rss/cnn_world?d=7Q72WNTAKBA"" border=""0""></img></a> <a href=""http://rss.cnn.com/~ff/rss/cnn_world?a=MCtgVkdifZo:2prrW2xNywM:V_sGLiPBpWU""><img src=""http://feeds.feedburner.com/~ff/rss/cnn_world?i=MCtgVkdifZo:2prrW2xNywM:V_sGLiPBpWU"" border=""0""></img></a> <a href=""http://rss.cnn.com/~ff/rss/cnn_world?a=MCtgVkdifZo:2prrW2xNywM:qj6IDK7rITs""><img src=""http://feeds.feedburner.com/~ff/rss/cnn_world?d=qj6IDK7rITs"" border=""0""></img></a> <a href=""http://rss.cnn.com/~ff/rss/cnn_world?a=MCtgVkdifZo:2prrW2xNywM:gIN9vFwOqvQ""><img src=""http://feeds.feedburner.com/~ff/rss/cnn_world?i=MCtgVkdifZo:2prrW2xNywM:gIN9vFwOqvQ"" border=""0""></img></a>
</div><img src=""http://feeds.feedburner.com/~r/rss/cnn_world/~4/MCtgVkdifZo"" height=""1"" width=""1"" alt=""""/>",http://rss.cnn.com/~r/rss/cnn_world/~3/MCtgVkdifZo/index.html,,,
How a low-cost startup changed the airline industry ,"As it turns 20 years old this month, JetBlue Airways is making bold moves: Ordering nearly 150 new state-of-the-art aircraft, shaking up the most valuable international route in the world and going green in a big way.<div class=""feedflare"">
<a href=""http://rss.cnn.com/~ff/rss/cnn_world?a=gGwA1zblYwI:bgvDCr6DAYI:yIl2AUoC8zA""><img src=""http://feeds.feedburner.com/~ff/rss/cnn_world?d=yIl2AUoC8zA"" border=""0""></img></a> <a href=""http://rss.cnn.com/~ff/rss/cnn_world?a=gGwA1zblYwI:bgvDCr6DAYI:7Q72WNTAKBA""><img src=""http://feeds.feedburner.com/~ff/rss/cnn_world?d=7Q72WNTAKBA"" border=""0""></img></a> <a href=""http://rss.cnn.com/~ff/rss/cnn_world?a=gGwA1zblYwI:bgvDCr6DAYI:V_sGLiPBpWU""><img src=""http://feeds.feedburner.com/~ff/rss/cnn_world?i=gGwA1zblYwI:bgvDCr6DAYI:V_sGLiPBpWU"" border=""0""></img></a> <a href=""http://rss.cnn.com/~ff/rss/cnn_world?a=gGwA1zblYwI:bgvDCr6DAYI:qj6IDK7rITs""><img src=""http://feeds.feedburner.com/~ff/rss/cnn_world?d=qj6IDK7rITs"" border=""0""></img></a> <a href=""http://rss.cnn.com/~ff/rss/cnn_world?a=gGwA1zblYwI:bgvDCr6DAYI:gIN9vFwOqvQ""><img src=""http://feeds.feedburner.com/~ff/rss/cnn_world?i=gGwA1zblYwI:bgvDCr6DAYI:gIN9vFwOqvQ"" border=""0""></img></a>
</div><img src=""http://feeds.feedburner.com/~r/rss/cnn_world/~4/gGwA1zblYwI"" height=""1"" width=""1"" alt=""""/>",http://rss.cnn.com/~r/rss/cnn_world/~3/gGwA1zblYwI/index.html,,,
Airline unveils economy-class sleeping pods ,"There are people who can sleep anywhere, any time, in any position -- including upright in an economy-class airplane seat.<div class=""feedflare"">
<a href=""http://rss.cnn.com/~ff/rss/cnn_world?a=T06wsf0jVGo:VlNFyLH8qak:yIl2AUoC8zA""><img src=""http://feeds.feedburner.com/~ff/rss/cnn_world?d=yIl2AUoC8zA"" border=""0""></img></a> <a href=""http://rss.cnn.com/~ff/rss/cnn_world?a=T06wsf0jVGo:VlNFyLH8qak:7Q72WNTAKBA""><img src=""http://feeds.feedburner.com/~ff/rss/cnn_world?d=7Q72WNTAKBA"" border=""0""></img></a> <a href=""http://rss.cnn.com/~ff/rss/cnn_world?a=T06wsf0jVGo:VlNFyLH8qak:V_sGLiPBpWU""><img src=""http://feeds.feedburner.com/~ff/rss/cnn_world?i=T06wsf0jVGo:VlNFyLH8qak:V_sGLiPBpWU"" border=""0""></img></a> <a href=""http://rss.cnn.com/~ff/rss/cnn_world?a=T06wsf0jVGo:VlNFyLH8qak:qj6IDK7rITs""><img src=""http://feeds.feedburner.com/~ff/rss/cnn_world?d=qj6IDK7rITs"" border=""0""></img></a> <a href=""http://rss.cnn.com/~ff/rss/cnn_world?a=T06wsf0jVGo:VlNFyLH8qak:gIN9vFwOqvQ""><img src=""http://feeds.feedburner.com/~ff/rss/cnn_world?i=T06wsf0jVGo:VlNFyLH8qak:gIN9vFwOqvQ"" border=""0""></img></a>
</div><img src=""http://feeds.feedburner.com/~r/rss/cnn_world/~4/T06wsf0jVGo"" height=""1"" width=""1"" alt=""""/>",http://rss.cnn.com/~r/rss/cnn_world/~3/T06wsf0jVGo/index.html,,,
This 5-year-old paid off the lunch balances for more than 100 fellow students,"A 5-year-old student at an elementary school in Vista, California, collected enough money to pay off the negative lunch balances of 123 students at her school.<div class=""feedflare"">
<a href=""http://rss.cnn.com/~ff/rss/cnn_world?a=hucZ8Lqm_jI:L8uXyrUvd48:yIl2AUoC8zA""><img src=""http://feeds.feedburner.com/~ff/rss/cnn_world?d=yIl2AUoC8zA"" border=""0""></img></a> <a href=""http://rss.cnn.com/~ff/rss/cnn_world?a=hucZ8Lqm_jI:L8uXyrUvd48:7Q72WNTAKBA""><img src=""http://feeds.feedburner.com/~ff/rss/cnn_world?d=7Q72WNTAKBA"" border=""0""></img></a> <a href=""http://rss.cnn.com/~ff/rss/cnn_world?a=hucZ8Lqm_jI:L8uXyrUvd48:V_sGLiPBpWU""><img src=""http://feeds.feedburner.com/~ff/rss/cnn_world?i=hucZ8Lqm_jI:L8uXyrUvd48:V_sGLiPBpWU"" border=""0""></img></a> <a href=""http://rss.cnn.com/~ff/rss/cnn_world?a=hucZ8Lqm_jI:L8uXyrUvd48:qj6IDK7rITs""><img src=""http://feeds.feedburner.com/~ff/rss/cnn_world?d=qj6IDK7rITs"" border=""0""></img></a> <a href=""http://rss.cnn.com/~ff/rss/cnn_world?a=hucZ8Lqm_jI:L8uXyrUvd48:gIN9vFwOqvQ""><img src=""http://feeds.feedburner.com/~ff/rss/cnn_world?i=hucZ8Lqm_jI:L8uXyrUvd48:gIN9vFwOqvQ"" border=""0""></img></a>
</div><img src=""http://feeds.feedburner.com/~r/rss/cnn_world/~4/hucZ8Lqm_jI"" height=""1"" width=""1"" alt=""""/>",http://rss.cnn.com/~r/rss/cnn_world/~3/hucZ8Lqm_jI/index.html,,,
Video shows dramatic rescue after dog's leash gets stuck in elevator,"ALT HED  Video shows man's dramatic rescue of his neighbor's dog<div class=""feedflare"">
<a href=""http://rss.cnn.com/~ff/rss/cnn_world?a=w8Oprn-MvKE:g-9XYFnL9fg:yIl2AUoC8zA""><img src=""http://feeds.feedburner.com/~ff/rss/cnn_world?d=yIl2AUoC8zA"" border=""0""></img></a> <a href=""http://rss.cnn.com/~ff/rss/cnn_world?a=w8Oprn-MvKE:g-9XYFnL9fg:7Q72WNTAKBA""><img src=""http://feeds.feedburner.com/~ff/rss/cnn_world?d=7Q72WNTAKBA"" border=""0""></img></a> <a href=""http://rss.cnn.com/~ff/rss/cnn_world?a=w8Oprn-MvKE:g-9XYFnL9fg:V_sGLiPBpWU""><img src=""http://feeds.feedburner.com/~ff/rss/cnn_world?i=w8Oprn-MvKE:g-9XYFnL9fg:V_sGLiPBpWU"" border=""0""></img></a> <a href=""http://rss.cnn.com/~ff/rss/cnn_world?a=w8Oprn-MvKE:g-9XYFnL9fg:qj6IDK7rITs""><img src=""http://feeds.feedburner.com/~ff/rss/cnn_world?d=qj6IDK7rITs"" border=""0""></img></a> <a href=""http://rss.cnn.com/~ff/rss/cnn_world?a=w8Oprn-MvKE:g-9XYFnL9fg:gIN9vFwOqvQ""><img src=""http://feeds.feedburner.com/~ff/rss/cnn_world?i=w8Oprn-MvKE:g-9XYFnL9fg:gIN9vFwOqvQ"" border=""0""></img></a>
</div><img src=""http://feeds.feedburner.com/~r/rss/cnn_world/~4/w8Oprn-MvKE"" height=""1"" width=""1"" alt=""""/>",http://rss.cnn.com/~r/rss/cnn_world/~3/w8Oprn-MvKE/index.html,,,
Her work has helped thousands of girls stay in school and finish their education,"It's something that girls and young women in western countries can't imagine: missing school, even dropping out, because of their periods.  Yet as many as half the girls in rural parts of Ethiopia miss school for reasons related to their periods -- and that can have a devastating effect on their education and the rest of their lives.<div class=""feedflare"">
<a href=""http://rss.cnn.com/~ff/rss/cnn_world?a=fkbbZuAKcjw:E-C8yRR5rds:yIl2AUoC8zA""><img src=""http://feeds.feedburner.com/~ff/rss/cnn_world?d=yIl2AUoC8zA"" border=""0""></img></a> <a href=""http://rss.cnn.com/~ff/rss/cnn_world?a=fkbbZuAKcjw:E-C8yRR5rds:7Q72WNTAKBA""><img src=""http://feeds.feedburner.com/~ff/rss/cnn_world?d=7Q72WNTAKBA"" border=""0""></img></a> <a href=""http://rss.cnn.com/~ff/rss/cnn_world?a=fkbbZuAKcjw:E-C8yRR5rds:V_sGLiPBpWU""><img src=""http://feeds.feedburner.com/~ff/rss/cnn_world?i=fkbbZuAKcjw:E-C8yRR5rds:V_sGLiPBpWU"" border=""0""></img></a> <a href=""http://rss.cnn.com/~ff/rss/cnn_world?a=fkbbZuAKcjw:E-C8yRR5rds:qj6IDK7rITs""><img src=""http://feeds.feedburner.com/~ff/rss/cnn_world?d=qj6IDK7rITs"" border=""0""></img></a> <a href=""http://rss.cnn.com/~ff/rss/cnn_world?a=fkbbZuAKcjw:E-C8yRR5rds:gIN9vFwOqvQ""><img src=""http://feeds.feedburner.com/~ff/rss/cnn_world?i=fkbbZuAKcjw:E-C8yRR5rds:gIN9vFwOqvQ"" border=""0""></img></a>
</div><img src=""http://feeds.feedburner.com/~r/rss/cnn_world/~4/fkbbZuAKcjw"" height=""1"" width=""1"" alt=""""/>",http://rss.cnn.com/~r/rss/cnn_world/~3/fkbbZuAKcjw/index.html,,,
How to pay off your house ASAP (it's so simple),"<div class=""feedflare"">
<a href=""http://rss.cnn.com/~ff/rss/cnn_world?a=fFk9A2H8AU0:sInqcrHiX-w:yIl2AUoC8zA""><img src=""http://feeds.feedburner.com/~ff/rss/cnn_world?d=yIl2AUoC8zA"" border=""0""></img></a> <a href=""http://rss.cnn.com/~ff/rss/cnn_world?a=fFk9A2H8AU0:sInqcrHiX-w:7Q72WNTAKBA""><img src=""http://feeds.feedburner.com/~ff/rss/cnn_world?d=7Q72WNTAKBA"" border=""0""></img></a> <a href=""http://rss.cnn.com/~ff/rss/cnn_world?a=fFk9A2H8AU0:sInqcrHiX-w:V_sGLiPBpWU""><img src=""http://feeds.feedburner.com/~ff/rss/cnn_world?i=fFk9A2H8AU0:sInqcrHiX-w:V_sGLiPBpWU"" border=""0""></img></a> <a href=""http://rss.cnn.com/~ff/rss/cnn_world?a=fFk9A2H8AU0:sInqcrHiX-w:qj6IDK7rITs""><img src=""http://feeds.feedburner.com/~ff/rss/cnn_world?d=qj6IDK7rITs"" border=""0""></img></a> <a href=""http://rss.cnn.com/~ff/rss/cnn_world?a=fFk9A2H8AU0:sInqcrHiX-w:gIN9vFwOqvQ""><img src=""http://feeds.feedburner.com/~ff/rss/cnn_world?i=fFk9A2H8AU0:sInqcrHiX-w:gIN9vFwOqvQ"" border=""0""></img></a>
</div><img src=""http://feeds.feedburner.com/~r/rss/cnn_world/~4/fFk9A2H8AU0"" height=""1"" width=""1"" alt=""""/>",http://rss.cnn.com/~r/rss/cnn_world/~3/fFk9A2H8AU0/,,,
